{"stats":{"minecraft:used":{"minecraft:dirt":1},"minecraft:custom":{"minecraft:jump":69,"minecraft:time_since_rest":14925,"minecraft:damage_dealt":10,"minecraft:crouch_one_cm":63,"minecraft:leave_game":3,"minecraft:play_time":14925,"minecraft:sprint_one_cm":4972,"minecraft:time_since_death":14925,"minecraft:walk_on_water_one_cm":1734,"minecraft:walk_one_cm":22736,"minecraft:sneak_time":63,"minecraft:total_world_time":14925,"minecraft:walk_under_water_one_cm":3464,"minecraft:swim_one_cm":4932,"minecraft:fall_one_cm":269,"minecraft:fly_one_cm":136501}},"DataVersion":3120}