{"stats":{"minecraft:killed_by":{"minecraft:creeper":1},"minecraft:used":{"minecraft:chest":11,"minecraft:spruce_planks":322,"minecraft:iron_sword":3,"byg:zelkova_door":2,"byg:maple_planks":3,"minecraft:torch":24,"minecraft:dirt":218,"minecraft:iron_hoe":2,"minecraft:rooted_dirt":10,"minecraft:golden_carrot":6,"tombstone:gift":3,"minecraft:egg":1,"minecraft:golden_axe":22,"minecraft:water_bucket":24,"byg:maple_slab":159,"minecraft:stone_pickaxe":65,"minecraft:oak_planks":2,"minecraft:ender_pearl":2,"minecraft:wooden_pickaxe":10,"minecraft:diamond_axe":116,"minecraft:sugar_cane":5,"minecraft:golden_apple":1,"minecraft:crafting_table":7,"minecraft:red_bed":1,"minecraft:smoker":2,"minecraft:spruce_log":2,"minecraft:diamond_pickaxe":12,"minecraft:diamond_shovel":290,"minecraft:bread":3,"minecraft:cyan_bed":3,"minecraft:stone_axe":91,"minecraft:diamond_sword":219,"minecraft:cobblestone":1,"minecraft:cooked_porkchop":15,"justenoughdrugz:weed_seed":2,"minecraft:bucket":24,"minecraft:bone_meal":3,"alexsmobs:animal_dictionary":1,"minecraft:golden_pickaxe":27},"minecraft:custom":{"minecraft:mob_kills":74,"minecraft:interact_with_crafting_table":51,"minecraft:damage_dealt_resisted":716,"minecraft:leave_game":3,"minecraft:time_since_death":129012,"minecraft:climb_one_cm":772,"minecraft:sprint_one_cm":400240,"minecraft:walk_one_cm":444843,"minecraft:drop":39,"minecraft:play_time":140441,"minecraft:deaths":1,"minecraft:sneak_time":17614,"minecraft:walk_under_water_one_cm":13323,"minecraft:jump":2698,"minecraft:walk_on_water_one_cm":18988,"minecraft:total_world_time":140441,"minecraft:sleep_in_bed":6,"minecraft:waystone_activated":1,"minecraft:time_since_rest":44754,"minecraft:damage_taken":2157,"minecraft:damage_absorbed":41,"minecraft:damage_dealt":12442,"minecraft:swim_one_cm":14065,"minecraft:fly_one_cm":680337,"minecraft:open_chest":152,"minecraft:crouch_one_cm":67868,"tombstone:undead_killed":28,"tombstone:villager_killed":1,"minecraft:interact_with_smoker":9,"minecraft:fall_one_cm":56667},"minecraft:mined":{"minecraft:dark_prismarine":4,"byg:maple_log":47,"minecraft:spruce_planks":13,"minecraft:mossy_cobblestone":1,"byg:yellow_daffodil":3,"byg:zelkova_log":26,"minecraft:grass_block":269,"minecraft:jungle_planks":5,"byg:aspen_log":1,"byg:maple_planks":3,"minecraft:spruce_leaves":53,"byg:zelkova_leaves":4,"minecraft:rooted_dirt":22,"minecraft:spawner":6,"byg:crocus":1,"minecraft:spruce_sapling":2,"minecraft:andesite":19,"minecraft:packed_ice":3,"byg:white_anemone":1,"minecraft:spruce_wood":2,"minecraft:stone":52,"minecraft:spruce_slab":1,"minecraft:podzol":3,"minecraft:red_wool":9,"justenoughdrugz:weed_plant":2,"byg:maple_slab":1,"minecraft:crafting_table":3,"minecraft:torch":6,"minecraft:dark_oak_wood":1,"minecraft:chest":3,"minecraft:cyan_bed":2,"minecraft:oak_planks":5,"minecraft:sugar_cane":4,"minecraft:wall_torch":4,"mca:cross_headstone":1,"minecraft:cyan_wool":7,"untamedwilds:block_burrow":4,"minecraft:ice":1,"byg:kovan_flower":1,"minecraft:birch_leaves":1,"minecraft:spruce_log":116,"byg:leaf_pile":3,"byg:red_maple_leaves":1,"minecraft:grass":18,"minecraft:coal_ore":23,"byg:rose":1,"minecraft:dirt":6,"minecraft:smooth_quartz":1,"byg:orange_daisy":1,"minecraft:netherrack":2,"minecraft:oak_leaves":5,"minecraft:fern":1},"minecraft:killed":{"minecraft:spider":4,"betteranimalsplus:boar":1,"minecraft:skeleton":6,"cnb:little_grebe":1,"minecraft:chicken":2,"orcz:squig":2,"orcz:orcsavagemace":2,"rottencreatures:undead_miner":1,"minecraft:wolf":1,"orcz:goblinsavagemace":2,"untamedwilds:boar":3,"betteranimalsplus:brownbear":1,"minecraft:creeper":2,"kevin_trophy:blister_zombie":2,"minecraft:sheep":1,"untamedwilds:bear":1,"minecraft:zombie":15,"orcz:bigorcboss":1,"untamedwilds:bison":3,"untamedwilds:snake":4,"mca:female_villager":1,"orcz:snot":8,"orcz:orcsavage_2sword":2,"minecraft:wither_skeleton":4,"minecraft:cow":2,"orcz:orcshield":2},"minecraft:picked_up":{"minecraft:crafting_table":4,"minecraft:chainmail_boots":1,"byg:maple_slab":2,"minecraft:chicken":2,"byg:maple_planks":3,"minecraft:golden_pickaxe":1,"minecraft:diamond_sword":2,"minecraft:enchanted_book":7,"minecraft:gold_block":3,"byg:crocus":8,"minecraft:cornflower":2,"minecraft:string":6,"untamedwilds:food_bear_raw":2,"minecraft:experience_bottle":58,"minecraft:diamond_leggings":1,"byg:zelkova_log":26,"minecraft:spruce_planks":35,"croptopia:avocado":6,"minecraft:beef":7,"justenoughdrugz:weed_seed":6,"minecraft:cyan_wool":7,"minecraft:smooth_quartz":2,"minecraft:sugar_cane":5,"minecraft:chest":3,"minecraft:egg":1,"byg:yellow_daffodil":8,"byg:zelkova_sapling":1,"minecraft:raw_iron":3,"botania:lexicon":2,"minecraft:stick":5,"justenoughdrugz:weed":1,"minecraft:torch":11,"botania:green_mushroom":1,"minecraft:porkchop":5,"orcz:squigs_claws":2,"tombstone:grave_dust":7,"byg:kovan_flower":12,"minecraft:diamond_chestplate":1,"minecraft:arrow":8,"minecraft:rotten_flesh":9,"minecraft:beetroot_seeds":6,"byg:aspen_planks":4,"minecraft:diamond_boots":1,"minecraft:yellow_terracotta":1,"supplementaries:ash":2,"minecraft:obsidian":4,"minecraft:cobblestone":124,"minecraft:feather":5,"orcz:orcteeth":22,"minecraft:golden_carrot":80,"minecraft:andesite":18,"minecraft:leather":12,"byg:white_anemone":10,"minecraft:dirt":321,"untamedwilds:flora_junegrass":1,"minecraft:name_tag":4,"minecraft:bone":25,"untamedwilds:material_fat":7,"minecraft:wheat_seeds":10,"minecraft:raw_gold":4,"minecraft:spruce_wood":3,"minecraft:iron_ingot":21,"minecraft:stone_pickaxe":1,"minecraft:oak_planks":5,"byg:rose":1,"minecraft:book":30,"byg:maple_log":45,"minecraft:red_wool":24,"orcz:orcagaric":4,"minecraft:jungle_planks":5,"byg:orange_daisy":3,"untamedwilds:hide_bear_white":2,"minecraft:spruce_sapling":3,"minecraft:fermented_spider_eye":1,"minecraft:spruce_log":111,"minecraft:cyan_bed":2,"minecraft:diamond_block":4,"minecraft:spider_eye":3,"minecraft:mossy_cobblestone":1,"minecraft:dark_prismarine":4,"byg:aspen_log":1,"minecraft:diamond":9,"minecraft:stone_axe":1,"minecraft:golden_apple":5,"minecraft:emerald":12,"minecraft:rooted_dirt":22,"orcz:ironscrap":28,"minecraft:oak_sapling":2,"croptopia:cashew":1,"minecraft:netherrack":2,"minecraft:coal":21},"minecraft:dropped":{"minecraft:enchanted_book":3,"minecraft:golden_pickaxe":2,"minecraft:mossy_cobblestone":1,"minecraft:diamond":4,"minecraft:cooked_porkchop":1,"minecraft:yellow_terracotta":1,"minecraft:cobblestone":37,"orcz:orcagaric":4,"minecraft:red_wool":8,"minecraft:stick":2,"minecraft:golden_carrot":50,"minecraft:cornflower":2,"tombstone:grave_key":1,"minecraft:smooth_quartz":2,"byg:orange_daisy":1,"minecraft:stone_axe":2,"minecraft:obsidian":2,"orcz:ironscrap":14,"minecraft:diamond_sword":1,"botania:lexicon":1,"minecraft:beetroot_seeds":6,"minecraft:andesite":12,"minecraft:oak_sapling":2,"minecraft:dark_prismarine":2},"minecraft:crafted":{"byg:zelkova_planks":32,"minecraft:furnace":2,"croptopia:toast":6,"minecraft:bone_meal":30,"minecraft:diamond_shovel":1,"byg:maple_slab":228,"minecraft:diamond_helmet":1,"minecraft:iron_hoe":1,"croptopia:avocado_toast":6,"minecraft:stone_pickaxe":1,"minecraft:chest":9,"minecraft:smoker":2,"sophisticatedbackpacks:backpack":1,"minecraft:diamond_axe":1,"minecraft:crafting_table":4,"minecraft:spruce_planks":444,"minecraft:wooden_pickaxe":1,"minecraft:cyan_bed":1,"minecraft:red_bed":1,"minecraft:bucket":1,"minecraft:stone_axe":1,"minecraft:air":0,"minecraft:shield":1,"minecraft:diamond_pickaxe":1,"byg:zelkova_door":3,"minecraft:stick":24,"byg:maple_planks":180,"minecraft:torch":16,"byg:aspen_planks":4,"minecraft:diamond_chestplate":1}},"DataVersion":3120}