{"stats":{"minecraft:custom":{"minecraft:mob_kills":35,"minecraft:interact_with_crafting_table":8,"minecraft:open_barrel":37,"minecraft:leave_game":3,"minecraft:time_since_death":95142,"minecraft:climb_one_cm":14294,"minecraft:sprint_one_cm":324485,"minecraft:walk_one_cm":147111,"minecraft:damage_blocked_by_shield":80,"minecraft:drop":33,"minecraft:play_time":95142,"minecraft:walk_under_water_one_cm":13742,"minecraft:sneak_time":3662,"minecraft:boat_one_cm":56480,"minecraft:jump":1862,"minecraft:walk_on_water_one_cm":18211,"minecraft:total_world_time":95142,"minecraft:interact_with_furnace":1,"minecraft:interact_with_stonecutter":1,"minecraft:sleep_in_bed":4,"minecraft:time_since_rest":210,"minecraft:waystone_activated":1,"minecraft:damage_taken":1146,"minecraft:damage_absorbed":40,"minecraft:damage_dealt":5854,"minecraft:swim_one_cm":64500,"minecraft:fly_one_cm":504923,"minecraft:open_chest":52,"minecraft:crouch_one_cm":11308,"tombstone:undead_killed":18,"minecraft:fall_one_cm":39610,"minecraft:inspect_dispenser":1},"minecraft:used":{"minecraft:beetroot":7,"minecraft:spruce_planks":15,"minecraft:shield":2,"minecraft:iron_sword":173,"minecraft:dirt":5,"minecraft:spruce_boat":2,"minecraft:wooden_axe":4,"minecraft:iron_helmet":1,"croptopia:persimmon":1,"minecraft:sweet_berries":34,"tombstone:gift":2,"minecraft:skeleton_skull":1,"croptopia:strawberry":2,"minecraft:wheat_seeds":23,"minecraft:water_bucket":18,"tombstone:scroll_of_knowledge":5,"minecraft:stone_pickaxe":10,"minecraft:baked_potato":1,"minecraft:wooden_pickaxe":13,"minecraft:sugar_cane":6,"minecraft:salmon":5,"minecraft:golden_apple":1,"minecraft:crafting_table":6,"supplementaries:bomb":3,"minecraft:bread":17,"minecraft:iron_pickaxe":6,"minecraft:stone_slab":1,"minecraft:spruce_sapling":1,"minecraft:stone_axe":5,"minecraft:wooden_sword":15,"minecraft:cobblestone":1,"untamedwilds:flora_bush_temperate":1,"minecraft:bucket":18,"minecraft:pumpkin_pie":4,"alexsmobs:animal_dictionary":1,"minecraft:bone_meal":1},"minecraft:mined":{"croptopia:strawberry_crop":1,"minecraft:grass_block":2,"minecraft:coal_block":8,"minecraft:spruce_leaves":14,"minecraft:spawner":4,"minecraft:large_fern":1,"untamedwilds:flora_yarrow":1,"byg:crocus":1,"botania:light_blue_double_flower":1,"minecraft:stone":13,"farmersdelight:wild_potatoes":6,"minecraft:tripwire":2,"minecraft:brown_mushroom":11,"minecraft:gray_concrete":3,"minecraft:crafting_table":5,"untamedwilds:flora_bush_temperate":1,"minecraft:stone_slab":1,"minecraft:sugar_cane":3,"botania:pink_mystical_flower":2,"byg:palm_log":2,"minecraft:sweet_berry_bush":13,"minecraft:wheat":7,"byg:kovan_flower":1,"minecraft:spruce_log":9,"byg:foxglove":1,"minecraft:dirt":7,"byg:blueberry_bush":1,"byg:blue_sage":1,"minecraft:oak_leaves":1,"minecraft:fern":3},"minecraft:killed":{"creeperoverhaul:snowy_creeper":1,"minecraft:skeleton":16,"minecraft:chicken":2,"betteranimalsplus:tarantula":1,"minecraft:magma_cube":3,"kevin_trophy:blister_zombie":1,"minecraft:zombie":1,"alexsmobs:terrapin":1,"minecraft:cow":9},"minecraft:picked_up":{"minecraft:crafting_table":5,"minecraft:wheat":7,"minecraft:chicken":2,"minecraft:brown_mushroom":9,"minecraft:stone_slab":1,"byg:crocus":1,"minecraft:spruce_planks":29,"minecraft:beef":16,"byg:blue_sage":1,"minecraft:coal_block":8,"minecraft:sugar_cane":6,"minecraft:stick":5,"untamedwilds:flora_bush_temperate":1,"byg:kovan_flower":1,"croptopia:strawberry":2,"minecraft:arrow":18,"minecraft:rotten_flesh":1,"croptopia:persimmon":1,"croptopia:strawberry_seed":4,"byg:palm_log":2,"untamedwilds:flora_yarrow":1,"minecraft:skeleton_skull":1,"minecraft:cobblestone":13,"minecraft:feather":2,"minecraft:leather":7,"minecraft:potato":6,"tombstone:voodoo_poppet":1,"minecraft:gray_concrete":3,"minecraft:dirt":9,"minecraft:bone":19,"botania:pink_mystical_flower":2,"minecraft:wheat_seeds":23,"byg:blueberries":2,"artifacts:kitty_slippers":1,"minecraft:iron_sword":1,"minecraft:sweet_berries":29,"minecraft:spruce_sapling":1,"minecraft:spruce_log":11,"minecraft:spruce_boat":2,"minecraft:bone_meal":1},"minecraft:dropped":{"byg:biomepedia":1,"minecraft:iron_sword":1,"byg:blueberries":2,"minecraft:brown_mushroom":9,"supplementaries:bamboo_spikes":1,"evilcraft:condensed_blood":14,"untamedwilds:flora_yarrow":1,"minecraft:purple_dye":1,"minecraft:stick":1,"minecraft:emerald":7,"minecraft:dirt":4,"minecraft:gray_concrete":3,"mca:book_romance":1,"minecraft:wooden_sword":1,"byg:kovan_flower":1,"tombstone:voodoo_poppet":1,"byg:palm_planks":4,"alexsmobs:animal_dictionary":1,"minecraft:bowl":4,"alexsmobs:ancient_dart":2,"croptopia:strawberry_seed":4,"evilcraft:origins_of_darkness":1,"patchouli:guide_book":1,"minecraft:skeleton_skull":1,"minecraft:spruce_planks":34,"minecraft:leather_leggings":1,"minecraft:barrel":2,"minecraft:bamboo":5,"minecraft:arrow":18,"botania:pink_mystical_flower":2},"minecraft:crafted":{"minecraft:wooden_sword":1,"minecraft:stone_pickaxe":1,"minecraft:chest":1,"minecraft:spruce_boat":1,"sophisticatedbackpacks:iron_backpack":2,"sophisticatedbackpacks:backpack":1,"minecraft:crafting_table":2,"minecraft:spruce_planks":88,"minecraft:wooden_pickaxe":1,"minecraft:iron_sword":1,"minecraft:bowl":4,"sophisticatedbackpacks:gold_backpack":3,"minecraft:stone_axe":1,"minecraft:blue_dye":1,"byg:palm_planks":4,"minecraft:purple_dye":1,"minecraft:shield":1,"sophisticatedbackpacks:diamond_backpack":1,"minecraft:stick":12,"minecraft:iron_pickaxe":1,"minecraft:wooden_axe":1,"minecraft:gold_ingot":18}},"DataVersion":3120}