{"stats":{"minecraft:picked_up":{"minecraft:iron_chestplate":7,"minecraft:chainmail_boots":1,"minecraft:flower_pot":1,"minecraft:anvil":1,"minecraft:diamond_sword":1,"minecraft:stone_slab":1,"minecraft:oak_stairs":1,"minecraft:wither_rose":1,"minecraft:enchanted_book":1,"minecraft:golden_shovel":1,"minecraft:brewing_stand":11,"minecraft:golden_sword":1,"minecraft:string":38,"minecraft:red_nether_bricks":2,"minecraft:diamond_leggings":1,"minecraft:cobbled_deepslate":101,"minecraft:spruce_planks":48,"minecraft:melon_slice":13,"minecraft:golden_helmet":1,"orcz:orcskull":1,"minecraft:green_bed":6,"minecraft:golden_axe":1,"orcz:palisadedarkoak":2,"minecraft:golden_chestplate":4,"evilcraft:box_of_eternal_closure":10,"farmersdelight:onion":2,"create:ochrum":1,"minecraft:iron_block":3,"farmersdelight:rope":11,"supplementaries:quiver":2,"supplementaries:ash":31,"minecraft:iron_bars":84,"minecraft:snowball":6,"alexsmobs:lobster_tail":4,"minecraft:birch_log":52,"minecraft:magma_block":2,"minecraft:feather":15,"orcz:orcteeth":22,"untamedwilds:hide_bigcat_puma":2,"minecraft:iron_door":3,"minecraft:brown_wool":1,"minecraft:dark_oak_boat":1,"minecraft:smoker":7,"minecraft:flint":2,"untamedwilds:flora_junegrass":1,"untamedwilds:food_turtle_raw":4,"minecraft:chipped_anvil":1,"minecraft:diamond_helmet":3,"minecraft:moss_block":1,"duckling:duck_egg":3,"minecraft:stripped_acacia_wood":27,"minecraft:fermented_spider_eye":2,"minecraft:barrel":2,"minecraft:trapped_chest":3,"minecraft:red_terracotta":2,"minecraft:bundle":3,"minecraft:polished_andesite":7,"create:crimsite":2,"byg:aspen_log":1,"minecraft:lever":1,"minecraft:granite":1,"minecraft:bread":29,"minecraft:golden_horse_armor":2,"minecraft:chainmail_helmet":2,"minecraft:diamond_pickaxe":1,"croptopia:toast":1,"sophisticatedbackpacks:gold_backpack":5,"minecraft:crafting_table":4,"minecraft:leather_leggings":2,"minecraft:golden_pickaxe":1,"supplementaries:globe":1,"minecraft:netherite_scrap":4,"minecraft:iron_shovel":2,"supplementaries:bomb":2,"minecraft:cracked_stone_bricks":5,"byg:zelkova_log":122,"byg:pink_allium_flower_bush":10,"minecraft:beef":25,"minecraft:iron_nugget":14,"minecraft:spruce_slab":2,"minecraft:chest":6,"minecraft:birch_sapling":17,"minecraft:egg":1,"minecraft:stone":17,"sophisticatedbackpacks:backpack":1,"farmersdelight:tomato_seeds":2,"orcz:orchorn":1,"botania:black_lotus":1,"minecraft:stone_shovel":1,"minecraft:diamond_chestplate":2,"minecraft:diamond_boots":1,"minecraft:gold_ingot":2,"minecraft:mutton":8,"minecraft:glow_berries":4,"minecraft:white_wool":1,"minecraft:acacia_wood":11,"croptopia:glowing_calamari":3,"minecraft:filled_map":2,"minecraft:oak_log":74,"minecraft:golden_boots":3,"croptopia:rice_seed":2,"minecraft:apple":90,"minecraft:stone_bricks":9,"minecraft:kelp":1,"minecraft:stone_pickaxe":1,"minecraft:cobweb":3,"tombstone:bag_of_seeds":4,"minecraft:glass_bottle":10,"minecraft:iron_sword":1,"minecraft:dark_oak_stairs":1,"minecraft:polished_andesite_stairs":2,"minecraft:sweet_berries":9,"minecraft:spyglass":1,"minecraft:gravel":8,"minecraft:spruce_sapling":6,"minecraft:spruce_log":129,"minecraft:leather_helmet":2,"tombstone:scroll_of_true_sight":1,"minecraft:stone_axe":1,"minecraft:diamond_axe":1,"minecraft:baked_potato":11,"minecraft:melon_seeds":6,"minecraft:ender_pearl":1,"rottencreatures:frozen_rotten_flesh":1,"minecraft:wheat":3,"minecraft:potion":1,"untamedwilds:flora_hemlock":2,"minecraft:stone_brick_stairs":2,"evilcraft:ender_tear":1,"minecraft:raw_copper":8,"alexsmobs:ancient_dart":1,"minecraft:iron_leggings":3,"minecraft:experience_bottle":12,"minecraft:oak_sign":1,"untamedwilds:material_snake_skin":1,"minecraft:calcite":9,"farmersdelight:cabbage_seeds":4,"minecraft:iron_boots":2,"minecraft:furnace":15,"byg:zelkova_sapling":22,"byg:zelkova_planks":6,"minecraft:tipped_arrow":5,"minecraft:stick":42,"botania:lexicon":1,"minecraft:torch":27,"botania:yellow_mystical_flower":1,"minecraft:spruce_stairs":1,"minecraft:porkchop":19,"orcz:squigs_claws":1,"tombstone:grave_dust":44,"minecraft:diorite":4,"infernalexp:raw_hogchop":22,"minecraft:quartz_block":3,"farmersdelight:fried_egg":2,"minecraft:rotten_flesh":85,"orcz:orcshroom":1,"evilcraft:condensed_blood":31,"minecraft:obsidian":13,"iammusicplayer:boombox":5,"minecraft:cobblestone":275,"minecraft:leather_chestplate":3,"minecraft:magma_cream":1,"croptopia:nectarine":4,"minecraft:black_bed":1,"minecraft:potato":1,"create:raw_zinc":14,"byg:orchard_sapling":20,"supplementaries:flax_seeds":2,"minecraft:dirt":78,"minecraft:leather_boots":3,"minecraft:bone":235,"minecraft:acacia_planks":7,"croptopia:sweetpotato":1,"minecraft:bow":8,"minecraft:wheat_seeds":13,"minecraft:raw_gold":2,"minecraft:mossy_stone_bricks":19,"minecraft:bamboo":4,"minecraft:mossy_stone_brick_stairs":3,"minecraft:oak_planks":28,"minecraft:cooked_porkchop":3,"orcz:orcagaric":1,"minecraft:sand":4,"minecraft:nether_brick_stairs":1,"minecraft:mossy_cobblestone":2,"minecraft:sugar":9,"minecraft:slime_block":2,"tombstone:familiar_stone":2,"minecraft:diamond":75,"minecraft:spruce_boat":1,"waystones:waystone":2,"croptopia:pineapple_seed":3,"minecraft:cracked_polished_blackstone_bricks":1,"minecraft:golden_apple":4,"betteranimalsplus:fried_egg":1,"minecraft:emerald":7,"minecraft:oak_sapling":16,"minecraft:netherrack":1,"minecraft:charcoal":2,"minecraft:allium":6,"byg:soapstone":6,"minecraft:splash_potion":3,"minecraft:chicken":4,"croptopia:sweetpotato_seed":2,"byg:tall_pink_allium":1,"minecraft:gold_block":3,"minecraft:chain":1,"minecraft:shield":7,"minecraft:iron_axe":1,"untamedwilds:food_bear_raw":4,"minecraft:oak_boat":1,"justenoughdrugz:weed_seed":37,"minecraft:light_gray_wool":1,"minecraft:sugar_cane":9,"minecraft:raw_iron":53,"untamedwilds:food_pachyderm_raw":2,"botania:mana_bottle":1,"minecraft:polished_blackstone_bricks":8,"iammusicplayer:cassette_tape":1,"minecraft:iron_horse_armor":2,"minecraft:stone_pressure_plate":2,"minecraft:dark_oak_planks":4,"minecraft:arrow":114,"botania:lime_mystical_flower":1,"minecraft:nether_bricks":1,"artifacts:running_shoes":1,"minecraft:saddle":2,"minecraft:glistering_melon_slice":12,"minecraft:skeleton_skull":1,"byg:rocky_stone":1,"minecraft:netherite_boots":1,"minecraft:air":4,"minecraft:golden_carrot":6,"minecraft:glow_ink_sac":2,"minecraft:leather":54,"minecraft:birch_planks":3,"minecraft:chainmail_chestplate":1,"minecraft:yellow_bed":1,"minecraft:gunpowder":18,"botania:yellow_mushroom":1,"untamedwilds:material_fat":26,"byg:allium_flower_bush":2,"minecraft:iron_ingot":2,"artifacts:whoopee_cushion":2,"minecraft:cooked_chicken":2,"minecraft:soul_sand":5,"minecraft:oak_slab":2,"croptopia:apricot":2,"minecraft:chiseled_stone_bricks":1,"minecraft:dandelion":1,"justenoughdrugz:unrefined_oil":22,"minecraft:nether_brick_slab":1,"minecraft:spider_eye":12,"betteranimalsplus:eel_meat_raw":1,"minecraft:chainmail_leggings":1,"evilcraft:dark_gem":18,"minecraft:iron_helmet":2,"minecraft:mossy_cobblestone_stairs":4,"tombstone:magic_scroll":9,"orcz:orceye":1,"minecraft:coal":98,"minecraft:sunflower":4},"minecraft:custom":{"minecraft:interact_with_crafting_table":67,"minecraft:open_barrel":104,"goblintraders:trade_with_goblin":21,"minecraft:eat_cake_slice":19,"minecraft:leave_game":13,"minecraft:time_since_death":62936,"minecraft:damage_blocked_by_shield":24793,"minecraft:play_time":986741,"minecraft:deaths":43,"minecraft:jump":17159,"minecraft:interact_with_furnace":87,"minecraft:sleep_in_bed":15,"minecraft:waystone_activated":11,"tombstone:sneak_grave":1,"minecraft:damage_dealt":114758,"tombstone:undead_killed":339,"minecraft:interact_with_smoker":34,"minecraft:inspect_dispenser":3,"minecraft:interact_with_anvil":1,"minecraft:damage_dealt_absorbed":200,"minecraft:sneak_time":25930,"minecraft:total_world_time":986741,"tombstone:raider_killed":23,"minecraft:time_since_rest":32084,"minecraft:swim_one_cm":623822,"minecraft:fly_one_cm":4393987,"minecraft:open_chest":790,"minecraft:fall_one_cm":912002,"minecraft:damage_resisted":1083,"minecraft:sprint_one_cm":3778469,"minecraft:drop":478,"minecraft:walk_on_water_one_cm":204799,"minecraft:crouch_one_cm":51045,"minecraft:mob_kills":577,"minecraft:damage_dealt_resisted":2391,"minecraft:climb_one_cm":80971,"minecraft:walk_one_cm":1801860,"minecraft:walk_under_water_one_cm":125130,"minecraft:boat_one_cm":446446,"minecraft:damage_taken":34118,"minecraft:damage_absorbed":3057,"minecraft:trigger_trapped_chest":7},"minecraft:killed_by":{"minecraft:pillager":1,"minecraft:vindicator":5,"minecraft:zombie":4,"minecraft:vex":1,"rottencreatures:undead_miner":1,"alexsmobs:skelewag":1,"kevin_trophy:zombie_brute":1,"minecraft:stray":2,"creeperoverhaul:spruce_creeper":1,"cave_dweller:cave_dweller":3,"minecraft:wither_skeleton":5,"minecraft:creeper":3,"untamedwilds:boar":1,"minecraft:hoglin":2,"minecraft:skeleton":6,"minecraft:phantom":5},"minecraft:used":{"minecraft:spruce_slab":2,"minecraft:chest":23,"iammusicplayer:boombox":5,"securitycraft:keypad_item":10,"minecraft:allium":1,"minecraft:snowball":3,"minecraft:spruce_boat":2,"betteranimalsplus:eel_meat_cooked":1,"minecraft:birch_sapling":1,"minecraft:stone_brick_stairs":1,"minecraft:dark_oak_boat":1,"minecraft:sweet_berries":9,"minecraft:furnace":15,"untamedwilds:material_fat":4,"minecraft:potato":9,"minecraft:mossy_stone_bricks":16,"minecraft:chorus_fruit":4,"create:crimsite":2,"minecraft:wooden_pickaxe":10,"minecraft:mossy_stone_brick_stairs":1,"tombstone:scroll_of_true_sight":1,"minecraft:golden_apple":27,"minecraft:glow_berries":5,"croptopia:nectarine":4,"minecraft:diamond_sword":4,"minecraft:birch_log":1,"minecraft:oak_boat":2,"minecraft:stripped_acacia_wood":2,"minecraft:iron_bars":34,"minecraft:torch":246,"minecraft:mossy_cobblestone_stairs":1,"minecraft:iron_axe":738,"minecraft:bamboo":5,"duckling:duck_egg":1,"croptopia:cooked_calamari":2,"tombstone:gift":8,"minecraft:trapped_chest":1,"minecraft:acacia_planks":63,"minecraft:cobbled_deepslate":81,"sophisticatedbackpacks:gold_backpack":9,"minecraft:water_bucket":62,"minecraft:birch_planks":238,"byg:allium_flower_bush":2,"infernalexp:cooked_hogchop":13,"minecraft:cracked_stone_bricks":2,"minecraft:mossy_cobblestone":2,"minecraft:oak_slab":2,"minecraft:crafting_table":17,"supplementaries:bomb":1,"minecraft:spruce_log":23,"minecraft:diamond_pickaxe":10,"minecraft:sunflower":1,"minecraft:iron_pickaxe":790,"tombstone:magic_scroll":8,"minecraft:spruce_sapling":4,"minecraft:cobblestone":201,"minecraft:potion":17,"farmersdelight:egg_sandwich":15,"minecraft:cooked_porkchop":14,"tombstone:scroll_of_unstable_intangibility":1,"minecraft:shield":490,"minecraft:iron_sword":188,"supplementaries:globe":2,"tombstone:scroll_of_preservation":1,"minecraft:carrot":2,"minecraft:axolotl_bucket":4,"minecraft:obsidian":10,"alexsmobs:cooked_lobster_tail":4,"minecraft:stone_bricks":5,"byg:zelkova_boat":2,"minecraft:skeleton_skull":1,"minecraft:dark_oak_stairs":1,"minecraft:stone_pickaxe":84,"minecraft:oak_planks":317,"untamedwilds:flora_junegrass":1,"minecraft:ender_pearl":1,"minecraft:diamond_axe":1246,"minecraft:black_bed":1,"waystones:waystone":2,"sophisticatedbackpacks:backpack":2,"minecraft:bread":66,"minecraft:melon_slice":13,"tombstone:grave_key":7,"byg:zelkova_planks":466,"minecraft:iron_door":2,"minecraft:gravel":1,"croptopia:toast":1,"minecraft:cooked_rabbit":1,"untamedwilds:food_pachyderm_cooked":2,"minecraft:flint_and_steel":1,"minecraft:spruce_planks":55,"minecraft:cooked_chicken":4,"betteranimalsplus:fried_egg":25,"minecraft:dirt":43,"minecraft:spruce_stairs":1,"minecraft:dark_oak_planks":4,"untamedwilds:food_bear_cooked":4,"evilcraft:box_of_eternal_closure":6,"evilcraft:flesh_humanoid":1,"minecraft:golden_carrot":12,"minecraft:stone_pressure_plate":1,"minecraft:cooked_beef":71,"botania:lime_mystical_flower":1,"farmersdelight:fried_egg":4,"minecraft:cooked_mutton":10,"tombstone:scroll_of_knowledge":1,"byg:pink_allium_flower_bush":9,"minecraft:polished_andesite":1,"minecraft:baked_potato":41,"croptopia:apricot":2,"minecraft:spruce_sign":10,"minecraft:green_bed":6,"farmersdelight:onion":1,"byg:tall_pink_allium":1,"minecraft:smoker":7,"tombstone:bag_of_seeds":4,"minecraft:apple":90,"minecraft:map":1,"minecraft:stone_axe":141,"minecraft:bucket":68,"minecraft:yellow_bed":1,"alexsmobs:animal_dictionary":1},"minecraft:broken":{"minecraft:iron_boots":5,"minecraft:iron_chestplate":2,"minecraft:iron_leggings":4,"minecraft:leather_helmet":1,"minecraft:shield":5,"minecraft:iron_axe":5,"minecraft:iron_pickaxe":1,"minecraft:iron_helmet":3,"minecraft:stone_axe":1},"minecraft:mined":{"minecraft:dark_oak_planks":8,"byg:zelkova_planks":6,"orcz:palisadedarkoak":1,"minecraft:obsidian":10,"minecraft:acacia_log":1,"minecraft:chiseled_stone_bricks":1,"minecraft:spawner":40,"minecraft:polished_blackstone_bricks":8,"minecraft:tall_seagrass":1,"minecraft:mossy_cobblestone_stairs":5,"minecraft:cobbled_deepslate":2,"minecraft:fire":3,"byg:prairie_grass":1,"supplementaries:globe":1,"byg:boric_fire":8,"minecraft:nether_brick_stairs":1,"minecraft:cave_vines":2,"minecraft:oak_sign":1,"minecraft:smoker":6,"minecraft:torch":9,"minecraft:melon":3,"minecraft:nether_brick_slab":1,"minecraft:glass":1,"minecraft:sugar_cane":3,"minecraft:chain":1,"byg:soapstone":6,"minecraft:black_bed":1,"minecraft:stone_brick_stairs":1,"minecraft:grass":67,"minecraft:deepslate":87,"minecraft:mossy_cobblestone":4,"minecraft:nether_bricks":1,"byg:aspen_log":1,"minecraft:redstone_wire":1,"minecraft:moss_block":1,"farmersdelight:wild_onions":3,"justenoughdrugz:oil_ore":22,"evilcraft:box_of_eternal_closure":4,"minecraft:acacia_wood":16,"minecraft:andesite":2,"minecraft:mossy_stone_brick_stairs":2,"minecraft:vine":17,"byg:rocky_stone":12,"minecraft:oak_slab":2,"botania:lime_mystical_flower":1,"minecraft:soul_sand":6,"croptopia:sweetpotato_crop":1,"minecraft:emerald_ore":2,"minecraft:tall_grass":12,"minecraft:copper_ore":1,"minecraft:diorite":4,"minecraft:red_terracotta":2,"minecraft:trapped_chest":1,"minecraft:spruce_log":131,"minecraft:birch_leaves":3,"minecraft:sunflower":5,"minecraft:gravel":10,"minecraft:acacia_planks":7,"minecraft:stone_bricks":10,"minecraft:chipped_anvil":1,"minecraft:fern":6,"create:deepslate_zinc_ore":14,"minecraft:stone_pressure_plate":5,"minecraft:spruce_planks":56,"sophisticatedbackpacks:gold_backpack":5,"minecraft:brewing_stand":11,"minecraft:cave_vines_plant":2,"minecraft:grass_block":34,"minecraft:cracked_polished_blackstone_bricks":1,"iammusicplayer:boombox":4,"minecraft:iron_ore":29,"minecraft:anvil":1,"minecraft:dark_oak_stairs":1,"minecraft:iron_bars":63,"minecraft:spruce_slab":2,"minecraft:green_bed":6,"minecraft:deepslate_redstone_ore":9,"minecraft:quartz_block":46,"minecraft:calcite":1,"minecraft:chest":6,"minecraft:cobblestone":22,"minecraft:oak_planks":15,"minecraft:iron_door":3,"minecraft:wall_torch":11,"byg:lush_grass_block":1,"minecraft:birch_log":47,"evilcraft:dark_ore_deepslate":3,"minecraft:tnt":1,"minecraft:oak_log":74,"minecraft:dirt":46,"minecraft:netherrack":1,"create:crimsite":2,"minecraft:oak_leaves":8,"minecraft:tuff":2,"minecraft:potted_wither_rose":1,"minecraft:deepslate_diamond_ore":7,"byg:zelkova_log":122,"untamedwilds:flora_hemlock":1,"create:ochrum":1,"minecraft:spruce_leaves":7,"minecraft:large_fern":1,"minecraft:furnace":14,"evilcraft:dark_ore":1,"minecraft:gold_block":3,"minecraft:bookshelf":1,"minecraft:deepslate_iron_ore":22,"minecraft:lantern":1,"minecraft:stone":235,"minecraft:podzol":3,"minecraft:crafting_table":4,"minecraft:stone_slab":1,"supplementaries:urn":20,"minecraft:spruce_stairs":1,"untamedwilds:block_burrow":1,"minecraft:birch_planks":3,"byg:lush_dirt":4,"minecraft:sweet_berry_bush":2,"minecraft:yellow_bed":1,"minecraft:coal_ore":55,"minecraft:cracked_stone_bricks":4,"minecraft:stripped_acacia_wood":30,"minecraft:polished_andesite":3,"minecraft:mossy_stone_bricks":16},"minecraft:killed":{"alexsmobs:lobster":7,"minecraft:cave_spider":11,"creeperoverhaul:dripstone_creeper":1,"minecraft:skeleton":122,"minecraft:chicken":4,"creeperoverhaul:cave_creeper":5,"minecraft:magma_cube":14,"kevin_trophy:blister_zombie":4,"minecraft:pillager":17,"minecraft:zombie":136,"orcz:bigorcboss":1,"untamedwilds:bison":15,"untamedwilds:snake":4,"minecraft:cow":4,"mca:male_zombie_villager":4,"alexsmobs:raccoon":2,"minecraft:vindicator":2,"orcz:orcsavagemace":2,"rottencreatures:undead_miner":5,"minecraft:husk":1,"untamedwilds:big_cat":1,"minecraft:enderman":1,"minecraft:witch":1,"minecraft:spider":24,"minecraft:silverfish":10,"orcz:squig":1,"minecraft:piglin_brute":1,"minecraft:pig":7,"untamedwilds:boar":2,"minecraft:creeper":7,"minecraft:sheep":4,"untamedwilds:bear":1,"untamedwilds:tortoise":13,"minecraft:stray":25,"alexsmobs:fly":1,"cave_dweller:cave_dweller":2,"untamedwilds:rhino":1,"orcz:snot":2,"orcz:orcshield":3,"betteranimalsplus:boar":5,"minecraft:phantom":3,"kevin_trophy:spitter_zombie":2,"betteranimalsplus:badger":1,"alexsmobs:skunk":1,"minecraft:bat":2,"minecraft:hoglin":14,"kevin_trophy:crawler_zombie":1,"minecraft:wither_skeleton":36},"minecraft:crafted":{"minecraft:black_dye":4,"byg:zelkova_planks":488,"sophisticatedbackpacks:crafting_upgrade":1,"securitycraft:keypad_item":10,"minecraft:cooked_mutton":6,"minecraft:cooked_porkchop":13,"minecraft:diamond_axe":1,"farmersdelight:egg_sandwich":15,"minecraft:iron_pickaxe":2,"minecraft:gold_ingot":25,"betteranimalsplus:fried_egg":55,"betteranimalsplus:eel_meat_cooked":1,"minecraft:stone_pickaxe":1,"minecraft:spruce_boat":3,"sophisticatedbackpacks:gold_backpack":7,"byg:zelkova_boat":2,"untamedwilds:food_pachyderm_cooked":2,"minecraft:iron_leggings":4,"byg:aspen_planks":2,"minecraft:oak_planks":88,"minecraft:cooked_chicken":2,"minecraft:stone":20,"minecraft:heavy_weighted_pressure_plate":10,"minecraft:iron_boots":5,"tombstone:grave_key":4,"croptopia:flour":1,"minecraft:chest":22,"sophisticatedbackpacks:backpack":2,"minecraft:crafting_table":14,"minecraft:spruce_planks":424,"minecraft:wooden_pickaxe":1,"minecraft:baked_potato":38,"minecraft:iron_helmet":3,"minecraft:birch_planks":204,"sophisticatedbackpacks:upgrade_base":1,"farmersdelight:fried_egg":4,"minecraft:iron_chestplate":5,"minecraft:shield":5,"minecraft:stick":32,"minecraft:iron_ingot":85,"infernalexp:cooked_hogchop":22,"minecraft:coal":2,"minecraft:furnace":3,"minecraft:stone_button":80,"minecraft:iron_axe":6,"croptopia:cooked_calamari":2,"untamedwilds:food_bear_cooked":4,"sophisticatedbackpacks:iron_backpack":3,"minecraft:cooked_beef":22,"minecraft:spruce_sign":12,"alexsmobs:cooked_lobster_tail":4,"minecraft:bucket":2,"minecraft:stone_axe":2,"minecraft:air":0,"minecraft:bread":13,"minecraft:oak_boat":2,"minecraft:acacia_planks":80,"minecraft:torch":32},"minecraft:dropped":{"sophisticatedbackpacks:iron_backpack":1,"minecraft:acacia_wood":10,"minecraft:glow_ink_sac":2,"minecraft:glass_bottle":22,"untamedwilds:material_fat":22,"minecraft:diamond":8,"orcz:orcskull":1,"orcz:big_bone_1":1,"justenoughdrugz:unrefined_oil":22,"minecraft:mossy_stone_brick_stairs":1,"minecraft:cracked_stone_bricks":2,"minecraft:saddle":1,"minecraft:leather_helmet":1,"sophisticatedbackpacks:gold_backpack":1,"orcz:orceye":1,"minecraft:dirt":51,"minecraft:sunflower":3,"minecraft:sand":4,"minecraft:sugar":9,"minecraft:iron_pickaxe":2,"minecraft:fermented_spider_eye":1,"minecraft:white_wool":1,"minecraft:bone":40,"minecraft:stone_axe":2,"minecraft:lever":1,"minecraft:cooked_chicken":2,"minecraft:golden_chestplate":10,"minecraft:birch_sapling":16,"minecraft:wheat":4,"justenoughdrugz:weed_seed":23,"minecraft:rotten_flesh":41,"minecraft:enchanted_golden_apple":1,"minecraft:oak_planks":4,"iammusicplayer:boombox":1,"minecraft:golden_shovel":2,"evilcraft:flesh_humanoid":1,"botania:manasteel_ingot":5,"supplementaries:flax_seeds":1,"minecraft:tipped_arrow":2,"croptopia:rice_seed":5,"byg:rocky_stone":1,"minecraft:charcoal":2,"minecraft:quartz_block":3,"minecraft:leather_boots":1,"farmersdelight:rope":11,"rottencreatures:frozen_rotten_flesh":1,"minecraft:beef":8,"iammusicplayer:cassette_tape":2,"farmersdelight:tomato_seeds":2,"minecraft:enchanted_book":1,"minecraft:golden_boots":1,"minecraft:iron_ingot":25,"minecraft:wheat_seeds":13,"minecraft:golden_horse_armor":4,"evilcraft:condensed_blood":32,"minecraft:iron_helmet":6,"minecraft:cobblestone":9,"artifacts:whoopee_cushion":2,"orcz:orcagaric":1,"untamedwilds:material_snake_skin":1,"minecraft:chainmail_helmet":2,"minecraft:coal":3,"minecraft:polished_andesite":2,"minecraft:cobweb":18,"byg:pink_allium_flower_bush":1,"minecraft:ink_sac":3,"minecraft:golden_carrot":3,"minecraft:diamond_helmet":1,"minecraft:potion":2,"minecraft:oak_stairs":1,"minecraft:mossy_cobblestone_stairs":2,"minecraft:iron_shovel":1,"minecraft:chainmail_leggings":1,"minecraft:string":24,"minecraft:trapped_chest":2,"create:raw_zinc":7,"minecraft:spruce_sapling":1,"byg:zelkova_planks":8,"sophisticatedbackpacks:feeding_upgrade":1,"create:ochrum":1,"minecraft:experience_bottle":23,"minecraft:chicken":1,"evilcraft:box_of_eternal_closure":2,"minecraft:iron_boots":2,"minecraft:stone_slab":1,"evilcraft:origins_of_darkness":1,"minecraft:oak_sign":1,"minecraft:potato":1,"minecraft:stone":1,"minecraft:flower_pot":1,"minecraft:allium":5,"botania:lexicon":2,"minecraft:spruce_planks":10,"artifacts:running_shoes":2,"botania:yellow_mushroom":1,"minecraft:spider_eye":3,"minecraft:stone_bricks":2,"minecraft:barrel":2,"minecraft:bow":7,"orcz:orchorn":1,"croptopia:pineapple_seed":6,"minecraft:moss_block":1,"minecraft:diamond_axe":2,"croptopia:flour":1,"minecraft:baked_potato":19,"minecraft:golden_pickaxe":1,"minecraft:ender_pearl":7,"minecraft:leather":39,"minecraft:iron_horse_armor":3,"byg:aspen_planks":4,"minecraft:cracked_polished_blackstone_bricks":1,"tombstone:bag_of_seeds":2,"minecraft:snowball":3,"croptopia:sweetpotato_seed":2,"minecraft:polished_blackstone_bricks":8,"minecraft:gold_ingot":1,"minecraft:gravel":3,"orcz:orcshroom":1,"croptopia:blueberry_seed":2,"minecraft:chiseled_stone_bricks":1,"minecraft:leather_chestplate":3,"supplementaries:ash":27,"croptopia:greenonion_seed":3,"minecraft:gunpowder":2,"minecraft:melon_seeds":7,"minecraft:chest":6,"minecraft:chainmail_boots":1,"minecraft:iron_bars":26,"minecraft:arrow":12,"minecraft:splash_potion":2,"botania:yellow_mystical_flower":1,"minecraft:golden_helmet":1,"byg:zelkova_sapling":22,"orcz:palisadedarkoak":2,"croptopia:sweetpotato":1,"minecraft:stick":3,"farmersdelight:golden_knife":1,"minecraft:diorite":1,"minecraft:torch":18,"byg:soapstone":6,"minecraft:brown_wool":1,"minecraft:iron_door":1,"tombstone:grave_dust":4,"minecraft:iron_leggings":4,"minecraft:wither_rose":2,"minecraft:polished_andesite_stairs":1,"minecraft:iron_axe":1,"minecraft:dandelion":1,"minecraft:raw_copper":5,"farmersdelight:cabbage_seeds":4,"minecraft:light_gray_wool":1,"minecraft:stripped_acacia_wood":4,"minecraft:filled_map":5,"infernalexp:cooked_hogchop":9,"minecraft:shield":9,"orcz:orcteeth":22,"farmersdelight:fried_egg":2,"minecraft:diamond_chestplate":1,"minecraft:iron_chestplate":13,"minecraft:mossy_stone_bricks":2,"minecraft:golden_leggings":1,"minecraft:oak_sapling":16,"orcz:squigs_claws":1,"minecraft:golden_sword":2,"botania:mana_bottle":1,"minecraft:diamond_boots":1,"minecraft:stone_pickaxe":2,"minecraft:wooden_pickaxe":1,"untamedwilds:hide_bigcat_puma":2,"untamedwilds:flora_hemlock":2}},"DataVersion":3120}