{"stats":{"minecraft:picked_up":{"minecraft:birch_door":1,"minecraft:iron_chestplate":4,"minecraft:chainmail_boots":1,"byg:lush_dirt":66,"minecraft:flower_pot":6,"minecraft:prismarine_shard":2,"minecraft:enchanted_book":1,"croptopia:calamari":17,"minecraft:golden_sword":1,"minecraft:string":61,"minecraft:beetroot":1,"minecraft:gold_nugget":66,"minecraft:cobbled_deepslate":4,"minecraft:spruce_planks":25,"minecraft:written_book":1,"rottencreatures:treasure_chest":1,"minecraft:golden_helmet":1,"minecraft:jukebox":2,"croptopia:barley_seed":1,"untamedwilds:flora_common_reed":11,"minecraft:green_bed":1,"minecraft:stone_sword":7,"croptopia:raspberry_seed":2,"minecraft:red_tulip":4,"minecraft:cyan_terracotta":1,"farmersdelight:rope":16,"supplementaries:ash":361,"supplementaries:quiver":2,"minecraft:iron_bars":16,"minecraft:snowball":33,"alexsmobs:lobster_tail":4,"minecraft:birch_log":30,"minecraft:polished_diorite_slab":211,"minecraft:feather":12,"minecraft:cooked_beef":7,"orcz:orcteeth":7,"untamedwilds:hide_bigcat_puma":8,"minecraft:iron_door":1,"minecraft:water_bucket":1,"justenoughdrugz:weed_edible":2,"minecraft:flint":96,"artifacts:flippers":1,"minecraft:light_gray_concrete_powder":6,"untamedwilds:flora_junegrass":1,"untamedwilds:food_turtle_raw":22,"betteranimalsplus:pheasant_egg":1,"farmersdelight:egg_sandwich":1,"duckling:duck_egg":9,"minecraft:warped_wart_block":1,"minecraft:stripped_acacia_wood":7,"betteranimalsplus:pheasantraw":1,"sophisticatedbackpacks:iron_backpack":2,"minecraft:ink_sac":28,"minecraft:fermented_spider_eye":9,"minecraft:red_terracotta":9,"minecraft:barrel":2,"alexsmobs:animal_dictionary":1,"croptopia:chile_pepper":1,"securitycraft:universal_block_remover":1,"minecraft:bundle":8,"byg:palm_trapdoor":5,"rottencreatures:tnt_barrel":1,"minecraft:lever":3,"minecraft:writable_book":1,"croptopia:radish_seed":3,"minecraft:granite":44,"minecraft:chainmail_helmet":3,"minecraft:golden_horse_armor":1,"minecraft:bread":16,"alexsmobs:maggot":2,"minecraft:dark_oak_fence":2,"minecraft:bricks":1,"minecraft:diamond_pickaxe":2,"croptopia:toast":8,"sophisticatedbackpacks:gold_backpack":8,"minecraft:crafting_table":12,"minecraft:coarse_dirt":3,"minecraft:clay_ball":16,"minecraft:leather_leggings":3,"minecraft:heavy_weighted_pressure_plate":6,"minecraft:flint_and_steel":2,"minecraft:netherite_scrap":1,"minecraft:iron_shovel":2,"byg:palm_sapling":70,"byg:pink_allium_flower_bush":3,"minecraft:beef":57,"minecraft:iron_nugget":67,"minecraft:chest":6,"minecraft:birch_sapling":10,"minecraft:egg":2,"minecraft:sandstone":16,"minecraft:stone":3,"justenoughdrugz:cocaine_baggie":1,"minecraft:carrot":1,"minecraft:redstone":64,"securitycraft:alarm":3,"minecraft:beetroot_seeds":4,"aquamirae:sea_stew":1,"minecraft:diamond_boots":1,"minecraft:hay_block":30,"aquamirae:treasure_pouch":1,"minecraft:gold_ingot":24,"byg:palm_log":434,"minecraft:mutton":7,"minecraft:white_wool":6,"minecraft:oak_log":89,"byg:palm_slab":6,"tombstone:gift":1,"minecraft:paper":12,"minecraft:white_banner":1,"untamedwilds:spawn_tortoise":9,"croptopia:rice_seed":34,"minecraft:apple":2,"croptopia:barley":2,"minecraft:stone_bricks":3,"farmersdelight:cooking_pot":1,"minecraft:kelp":32,"alexsmobs:cockroach_wing_fragment":1,"minecraft:oak_fence_gate":6,"minecraft:stone_pickaxe":2,"minecraft:cobweb":22,"tombstone:bag_of_seeds":1,"mcwtrpdoors:oak_glass_trapdoor":7,"minecraft:glass_bottle":1,"minecraft:iron_sword":5,"minecraft:smooth_basalt":1,"minecraft:dark_oak_slab":2,"minecraft:sweet_berries":8,"minecraft:gravel":1313,"mcwroofs:light_gray_concrete_lower_roof":1,"orcz:orcamanita":12,"minecraft:spruce_sapling":2,"minecraft:spruce_log":11,"minecraft:leather_helmet":4,"minecraft:polished_diorite":1,"minecraft:stone_axe":2,"croptopia:orange":3,"minecraft:oak_button":3,"betteranimalsplus:calamari_raw":11,"minecraft:wheat":157,"minecraft:redstone_block":2,"byg:foxglove":1,"minecraft:stone_brick_stairs":1,"byg:crocus":2,"minecraft:raw_copper":12,"mcwroofs:light_gray_concrete_roof":130,"minecraft:iron_leggings":1,"minecraft:bucket":2,"farmersdelight:cabbage":3,"mcwroofs:light_gray_concrete_upper_steep_roof":1,"minecraft:redstone_torch":1,"minecraft:iron_pickaxe":3,"farmersdelight:cabbage_seeds":7,"minecraft:iron_boots":1,"minecraft:furnace":7,"minecraft:tipped_arrow":2,"minecraft:stick":55,"botania:lexicon":1,"mcwroofs:light_gray_concrete_upper_lower_roof":1,"minecraft:oak_fence":225,"minecraft:torch":118,"croptopia:honeydew_seed":1,"minecraft:spruce_stairs":2,"minecraft:porkchop":20,"tombstone:grave_dust":31,"minecraft:diorite":141,"minecraft:quartz_block":7,"minecraft:cactus":4,"minecraft:rotten_flesh":54,"orcz:orcshroom":2,"create:veridium":2,"iammusicplayer:boombox":1,"minecraft:obsidian":3,"minecraft:cod":9,"minecraft:cobblestone":405,"minecraft:nautilus_shell":6,"minecraft:leather_chestplate":1,"croptopia:radish":2,"minecraft:magma_cream":2,"minecraft:andesite":33,"create:raw_zinc":1,"minecraft:lapis_lazuli":127,"minecraft:dirt":2165,"minecraft:name_tag":2,"minecraft:leather_boots":8,"minecraft:bone":94,"minecraft:bow":1,"minecraft:wheat_seeds":462,"minecraft:orange_tulip":1,"minecraft:raw_gold":4,"minecraft:oak_planks":44,"minecraft:mossy_stone_brick_stairs":1,"croptopia:chile_pepper_seed":1,"orcz:orcagaric":2,"croptopia:rice":19,"minecraft:sand":1224,"minecraft:grass_block":2,"minecraft:lily_of_the_valley":1,"tombstone:familiar_stone":1,"minecraft:diamond":12,"minecraft:slime_block":1,"minecraft:black_concrete":13,"waystones:waystone":2,"minecraft:crossbow":2,"minecraft:bone_meal":9,"minecraft:white_concrete":222,"minecraft:emerald":48,"minecraft:oak_sapling":12,"minecraft:netherrack":23,"rottencreatures:magma_rotten_flesh":5,"minecraft:charcoal":8,"byg:soapstone":11,"minecraft:chicken":1,"byg:tall_pink_allium":15,"minecraft:chain":3,"minecraft:brick":2,"minecraft:shield":8,"untamedwilds:food_turtle_cooked":3,"minecraft:oak_trapdoor":1,"untamedwilds:food_bear_raw":4,"minecraft:quartz_slab":6,"botania:magenta_mystical_flower":1,"justenoughdrugz:weed_seed":31,"minecraft:observer":7,"minecraft:sugar_cane":4,"farmersdelight:golden_knife":1,"duckling:raw_duck":5,"minecraft:raw_iron":197,"untamedwilds:food_pachyderm_raw":6,"minecraft:copper_ingot":1,"minecraft:note_block":2,"untamedwilds:hide_bear_brown":2,"minecraft:stone_pressure_plate":1,"alexsmobs:crocodile_scute":4,"minecraft:dark_oak_planks":8,"byg:biomepedia":1,"minecraft:arrow":52,"minecraft:saddle":1,"minecraft:glow_ink_sac":4,"minecraft:leather":38,"croptopia:greenonion_seed":3,"minecraft:birch_planks":104,"alexsmobs:cachalot_whale_tooth":1,"minecraft:chainmail_chestplate":2,"minecraft:gunpowder":4,"minecraft:wooden_hoe":2,"untamedwilds:material_fat":9,"mcwroofs:light_gray_concrete_steep_roof":1,"minecraft:iron_ingot":33,"artifacts:whoopee_cushion":1,"minecraft:cooked_chicken":14,"minecraft:book":1,"justenoughdrugz:sulfur":1,"croptopia:apricot":8,"mcwtrpdoors:oak_barn_trapdoor":8,"minecraft:quartz":99,"justenoughdrugz:unrefined_oil":51,"securitycraft:portable_radar":1,"betteranimalsplus:turkey_leg_raw":1,"byg:palm_planks":192,"minecraft:spider_eye":29,"minecraft:dried_kelp_block":9,"minecraft:white_concrete_powder":51,"minecraft:chainmail_leggings":1,"evilcraft:dark_gem":36,"minecraft:iron_helmet":1,"minecraft:mossy_cobblestone_stairs":1,"tombstone:magic_scroll":3,"minecraft:damaged_anvil":1,"minecraft:coal":406,"minecraft:sunflower":12},"minecraft:custom":{"minecraft:interact_with_crafting_table":29,"minecraft:open_barrel":165,"goblintraders:trade_with_goblin":26,"minecraft:bell_ring":2,"minecraft:eat_cake_slice":3,"minecraft:leave_game":33,"minecraft:time_since_death":158403,"minecraft:damage_blocked_by_shield":8470,"minecraft:play_time":1591144,"minecraft:deaths":13,"minecraft:jump":21874,"minecraft:interact_with_furnace":56,"minecraft:sleep_in_bed":19,"minecraft:waystone_activated":8,"minecraft:damage_dealt":79440,"tombstone:undead_killed":229,"minecraft:interact_with_smoker":4,"minecraft:interact_with_smithing_table":1,"minecraft:inspect_dropper":4,"minecraft:inspect_hopper":1,"minecraft:damage_dealt_absorbed":74,"minecraft:sneak_time":61349,"minecraft:total_world_time":1591144,"tombstone:raider_killed":30,"minecraft:interact_with_stonecutter":13,"minecraft:time_since_rest":9337,"minecraft:swim_one_cm":2104495,"minecraft:fly_one_cm":5828062,"minecraft:open_chest":389,"minecraft:fall_one_cm":549872,"minecraft:damage_resisted":46,"minecraft:sprint_one_cm":4455761,"minecraft:drop":489,"minecraft:play_noteblock":6,"minecraft:talked_to_villager":20,"minecraft:walk_on_water_one_cm":253778,"minecraft:crouch_one_cm":260442,"minecraft:mob_kills":461,"minecraft:damage_dealt_resisted":783,"minecraft:climb_one_cm":10716,"minecraft:walk_one_cm":3577955,"minecraft:walk_under_water_one_cm":536016,"minecraft:boat_one_cm":79461,"minecraft:damage_taken":27456,"minecraft:damage_absorbed":79,"minecraft:trigger_trapped_chest":13},"minecraft:killed_by":{"minecraft:vindicator":2,"alexsmobs:lobster":1,"minecraft:ghast":1,"kevin_trophy:crawler_zombie":1,"alexsmobs:farseer":1,"minecraft:spider":1,"minecraft:skeleton":3,"kevin_trophy:blister_zombie":1},"minecraft:used":{"minecraft:writable_book":1,"betteranimalsplus:calamari_cooked":9,"croptopia:calamari":1,"duckling:cooked_duck":4,"mcwroofs:light_gray_concrete_upper_steep_roof":1,"minecraft:chest":5,"minecraft:stone":2,"untamedwilds:spawn_tortoise":9,"minecraft:rotten_flesh":17,"iammusicplayer:boombox":2,"betteranimalsplus:pheasantcooked":1,"minecraft:snowball":5,"betteranimalsplus:calamari_raw":2,"minecraft:grass_block":1,"minecraft:birch_sapling":10,"minecraft:bow":25,"minecraft:sweet_berries":8,"minecraft:oak_sapling":11,"minecraft:cooked_cod":35,"minecraft:furnace":6,"untamedwilds:food_turtle_cooked":21,"minecraft:egg":1,"minecraft:diorite":11,"minecraft:powered_rail":1,"minecraft:wooden_pickaxe":35,"minecraft:golden_apple":2,"minecraft:sand":15,"securitycraft:universal_block_remover":3,"croptopia:orange":2,"minecraft:diamond_sword":69,"minecraft:wooden_sword":56,"mcwroofs:light_gray_concrete_upper_lower_roof":1,"minecraft:stripped_acacia_wood":2,"minecraft:oak_trapdoor":5,"byg:palm_trapdoor":5,"minecraft:iron_bars":3,"minecraft:stone_sword":142,"minecraft:cooked_salmon":32,"minecraft:stick":1,"minecraft:torch":129,"croptopia:chile_pepper":1,"minecraft:oak_fence_gate":6,"minecraft:polished_diorite":1,"byg:lush_dirt":1,"aquamirae:esca":6,"mcwroofs:light_gray_concrete_roof":330,"minecraft:iron_axe":193,"minecraft:barrel":1,"minecraft:smooth_basalt":1,"duckling:duck_egg":4,"farmersdelight:cooking_pot":1,"croptopia:cooked_calamari":8,"tombstone:gift":4,"minecraft:observer":8,"farmersdelight:cooked_rice":4,"minecraft:wheat_seeds":38,"minecraft:water_bucket":2,"minecraft:birch_planks":151,"minecraft:crafting_table":14,"supplementaries:ash_bricks":44,"minecraft:white_bed":1,"minecraft:campfire":1,"minecraft:cod":1,"minecraft:spruce_log":1,"minecraft:oak_log":2,"minecraft:diamond_pickaxe":327,"minecraft:sunflower":2,"minecraft:iron_pickaxe":998,"minecraft:spruce_sapling":2,"minecraft:cobblestone":9,"farmersdelight:egg_sandwich":1,"untamedwilds:egg_tortoise":2,"minecraft:cooked_porkchop":20,"mcwtrpdoors:oak_barn_trapdoor":4,"byg:palm_planks":1343,"minecraft:iron_shovel":2526,"minecraft:white_concrete_powder":841,"minecraft:shield":156,"minecraft:iron_sword":1443,"minecraft:carrot":1,"minecraft:obsidian":4,"minecraft:honey_bottle":18,"minecraft:glass":96,"minecraft:quartz_slab":6,"alexsmobs:cooked_lobster_tail":4,"minecraft:hopper_minecart":1,"minecraft:written_book":2,"securitycraft:alarm":2,"mcwtrpdoors:oak_glass_trapdoor":6,"minecraft:dropper":1,"croptopia:radish":2,"minecraft:stone_pickaxe":120,"minecraft:oak_planks":49,"minecraft:polished_diorite_slab":307,"mcwroofs:light_gray_concrete_steep_roof":1,"minecraft:sugar_cane":4,"byg:palm_pressure_plate":4,"mcwroofs:light_gray_concrete_lower_roof":1,"minecraft:white_wool":1,"minecraft:crossbow":4,"waystones:waystone":1,"minecraft:lever":3,"minecraft:heavy_weighted_pressure_plate":6,"minecraft:bread":1,"duckling:raw_duck":1,"byg:palm_slab":6,"aquamirae:cooked_spinefish":6,"croptopia:toast":92,"create:framed_glass_door":4,"minecraft:white_concrete":932,"minecraft:coarse_dirt":1,"byg:palm_sapling":69,"minecraft:cobweb":19,"untamedwilds:food_pachyderm_cooked":6,"minecraft:oak_fence":143,"minecraft:flint_and_steel":86,"minecraft:redstone":2,"minecraft:dried_kelp":81,"minecraft:spruce_planks":19,"minecraft:cooked_chicken":18,"minecraft:dirt":2319,"simplyhotsprings:hot_spring_water_bucket":1,"minecraft:hopper":1,"betteranimalsplus:turkey_leg_cooked":1,"minecraft:wooden_axe":24,"untamedwilds:food_bear_cooked":4,"evilcraft:flesh_humanoid":1,"minecraft:cooked_beef":64,"minecraft:cooked_mutton":8,"croptopia:rice_seed":30,"minecraft:baked_potato":16,"minecraft:green_bed":1,"betteranimalsplus:pheasant_egg":1,"minecraft:stonecutter":1,"farmersdelight:onion":2,"minecraft:light_gray_concrete_powder":329,"minecraft:book":1,"tombstone:bag_of_seeds":1,"minecraft:wooden_hoe":69,"minecraft:apple":53,"minecraft:stone_slab":95,"minecraft:stone_axe":260,"minecraft:bucket":4,"minecraft:pumpkin_pie":20,"securitycraft:portable_radar":1},"minecraft:broken":{"minecraft:iron_boots":1,"minecraft:iron_chestplate":2,"minecraft:chainmail_boots":1,"minecraft:wooden_sword":1,"minecraft:iron_sword":2,"minecraft:chainmail_leggings":1,"minecraft:stone_sword":1,"minecraft:chainmail_helmet":1,"minecraft:shield":3,"minecraft:iron_axe":1,"minecraft:iron_pickaxe":4,"minecraft:iron_helmet":2,"minecraft:iron_shovel":9,"minecraft:diamond_boots":1,"minecraft:stone_axe":2,"minecraft:flint_and_steel":1},"minecraft:mined":{"minecraft:dark_oak_planks":10,"byg:palm_trapdoor":5,"minecraft:obsidian":3,"minecraft:granite":46,"minecraft:tall_seagrass":3,"minecraft:mossy_cobblestone_stairs":1,"untamedwilds:nest_reptile":1,"minecraft:fire":14,"minecraft:barrel":2,"minecraft:deepslate_lapis_ore":16,"minecraft:potted_dandelion":1,"justenoughdrugz:coca_plant":1,"minecraft:dirt_path":35,"minecraft:quartz_slab":4,"minecraft:light_gray_concrete":312,"mcwtrpdoors:oak_glass_trapdoor":3,"create:veridium":2,"minecraft:kelp_plant":1,"infernalexp:planted_quartz":10,"minecraft:powder_snow":1,"minecraft:note_block":2,"minecraft:torch":16,"byg:brimstone":10,"mcwroofs:light_gray_concrete_lower_roof":1,"minecraft:polished_diorite_slab":189,"minecraft:glass":40,"minecraft:sugar_cane":1,"minecraft:damaged_anvil":1,"minecraft:chain":2,"byg:soapstone":23,"minecraft:jukebox":1,"minecraft:stone_brick_stairs":2,"minecraft:grass":45,"minecraft:oak_fence_gate":6,"minecraft:smooth_basalt":1,"minecraft:deepslate":6,"create:zinc_ore":2,"justenoughdrugz:sulfur_ore":1,"minecraft:mossy_cobblestone":8,"byg:palm_sapling":1,"minecraft:dark_oak_fence":2,"farmersdelight:wild_cabbages":7,"minecraft:kelp":13,"mcwroofs:light_gray_concrete_roof":133,"minecraft:white_concrete_powder":35,"byg:crocus":2,"botania:magenta_mystical_flower":1,"justenoughdrugz:oil_ore":53,"minecraft:andesite":31,"mcwroofs:light_gray_concrete_upper_lower_roof":1,"orcz:orcshroom":3,"minecraft:mossy_stone_brick_stairs":2,"minecraft:vine":2,"minecraft:redstone_block":2,"byg:palm_planks":123,"minecraft:potted_lily_of_the_valley":1,"minecraft:observer":7,"mcwroofs:light_gray_concrete_steep_roof":1,"minecraft:light_gray_concrete_powder":17,"minecraft:campfire":2,"minecraft:tall_grass":3,"minecraft:copper_ore":1,"minecraft:dried_kelp_block":9,"minecraft:diorite":144,"minecraft:warped_wart_block":1,"byg:palm_slab":4,"minecraft:red_terracotta":10,"minecraft:coarse_dirt":2,"minecraft:spruce_log":6,"minecraft:birch_leaves":49,"byg:foxglove":1,"croptopia:radish_crop":2,"minecraft:sunflower":6,"minecraft:gravel":582,"minecraft:cobweb":22,"minecraft:acacia_planks":1,"minecraft:stone_bricks":3,"minecraft:stone_pressure_plate":4,"minecraft:spruce_planks":23,"orcz:orcamanita":15,"minecraft:potted_cactus":2,"minecraft:grass_block":1363,"minecraft:white_concrete":1029,"iammusicplayer:boombox":1,"minecraft:polished_diorite":1,"supplementaries:ash":261,"minecraft:iron_ore":175,"mcwtrpdoors:oak_barn_trapdoor":4,"minecraft:red_tulip":1,"supplementaries:stick":1,"minecraft:iron_bars":32,"minecraft:spruce_slab":1,"minecraft:green_bed":1,"minecraft:deepslate_redstone_ore":14,"minecraft:quartz_block":23,"minecraft:cyan_terracotta":1,"minecraft:clay":4,"untamedwilds:flora_common_reed":3,"minecraft:chest":3,"supplementaries:wild_flax":2,"minecraft:nether_quartz_ore":43,"minecraft:cobblestone":11,"minecraft:oak_planks":19,"minecraft:iron_door":1,"minecraft:wall_torch":15,"byg:lush_grass_block":61,"minecraft:seagrass":5,"byg:brimstone_nether_quartz_ore":39,"minecraft:warped_nylium":1,"farmersdelight:sandy_shrub":1,"minecraft:dark_oak_slab":2,"byg:palm_log":439,"orcz:orcagaric":8,"minecraft:birch_log":30,"minecraft:orange_tulip":1,"croptopia:chile_pepper_crop":1,"croptopia:apricot_crop":4,"orcz:blue_orcshroom":6,"minecraft:oak_log":88,"minecraft:sand":727,"minecraft:dirt":692,"minecraft:netherrack":26,"minecraft:oak_leaves":76,"minecraft:crying_obsidian":1,"minecraft:deepslate_diamond_ore":5,"byg:pink_allium_flower_bush":2,"minecraft:lever":1,"minecraft:spruce_leaves":2,"minecraft:sandstone":12,"minecraft:hay_block":20,"minecraft:oak_trapdoor":1,"minecraft:furnace":6,"minecraft:heavy_weighted_pressure_plate":4,"minecraft:nether_sprouts":1,"evilcraft:dark_ore":8,"minecraft:deepslate_iron_ore":24,"minecraft:packed_ice":17,"minecraft:stone":372,"supplementaries:book_pile_horizontal":1,"minecraft:snow_block":32,"minecraft:oak_fence":143,"minecraft:crafting_table":12,"mcwroofs:light_gray_concrete_upper_steep_roof":1,"minecraft:stone_slab":3,"minecraft:lapis_ore":5,"supplementaries:urn":7,"untamedwilds:block_burrow":4,"minecraft:birch_planks":101,"byg:lush_dirt":7,"minecraft:sweet_berry_bush":3,"minecraft:coal_ore":315,"byg:palm_leaves":268,"byg:tall_pink_allium":15,"minecraft:cracked_stone_bricks":1,"minecraft:terracotta":1,"minecraft:stripped_acacia_wood":5,"minecraft:mossy_stone_bricks":1},"minecraft:killed":{"alexsmobs:lobster":8,"minecraft:cave_spider":8,"minecraft:skeleton":56,"untamedwilds:camel":1,"minecraft:magma_cube":8,"cnb:sporeling":1,"rottencreatures:dead_beard":1,"rottencreatures:frostbitten":1,"orcz:goblinwerid":1,"betteranimalsplus:pheasant":1,"kevin_trophy:blister_zombie":19,"minecraft:pillager":13,"minecraft:zombie":101,"untamedwilds:bison":1,"untamedwilds:snake":2,"orcz:orcsavage_2sword":2,"minecraft:cow":27,"minecraft:vindicator":14,"rottencreatures:undead_miner":10,"untamedwilds:big_cat":1,"alexsmobs:catfish":1,"alexsmobs:crocodile":1,"infernalexp:voline":6,"kevin_trophy:zombie_brute":1,"minecraft:enderman":1,"betteranimalsplus:turkey":1,"creeperoverhaul:beach_creeper":1,"rottencreatures:burned":5,"minecraft:spider":38,"aquamirae:golden_moth":1,"minecraft:piglin_brute":13,"betteranimalsplus:tarantula":1,"artifacts:mimic":1,"minecraft:pig":5,"untamedwilds:boar":3,"rottencreatures:zombie_lackey":6,"minecraft:sheep":5,"untamedwilds:tortoise":15,"minecraft:stray":7,"betteranimalsplus:jellyfish":1,"alexsmobs:fly":2,"cave_dweller:cave_dweller":1,"betteranimalsplus:boar":2,"minecraft:phantom":3,"minecraft:drowned":7,"betteranimalsplus:shark":2,"aquamirae:maw":2,"duckling:duck":5,"minecraft:hoglin":1,"minecraft:squid":8,"kevin_trophy:crawler_zombie":7,"alexsmobs:cockroach":2,"rottencreatures:skeleton_lackey":4,"minecraft:wither_skeleton":1},"minecraft:crafted":{"minecraft:black_dye":10,"minecraft:light_gray_concrete_powder":144,"byg:palm_trapdoor":4,"mcwroofs:light_gray_concrete_upper_lower_roof":1,"iammusicplayer:boombox":1,"croptopia:toast":13,"sophisticatedbackpacks:crafting_upgrade":1,"minecraft:cooked_mutton":6,"create:framed_glass_door":5,"betteranimalsplus:turkey_leg_cooked":1,"mcwroofs:light_gray_concrete_upper_steep_roof":1,"minecraft:quartz_block":15,"sophisticatedbackpacks:smelting_upgrade":1,"minecraft:birch_door":3,"minecraft:wooden_shovel":1,"minecraft:cooked_porkchop":12,"minecraft:campfire":1,"mcwtrpdoors:oak_barn_trapdoor":4,"minecraft:wooden_hoe":3,"byg:palm_pressure_plate":4,"minecraft:gold_ingot":55,"minecraft:iron_nugget":9,"minecraft:bone_meal":84,"mcwroofs:light_gray_concrete_lower_roof":1,"minecraft:polished_diorite":96,"securitycraft:universal_block_remover":1,"minecraft:stone_pickaxe":1,"minecraft:wheat":64,"securitycraft:portable_radar":1,"minecraft:dried_kelp":81,"duckling:cooked_duck":4,"farmersdelight:cooking_pot":1,"sophisticatedbackpacks:gold_backpack":1,"minecraft:oak_fence_gate":3,"minecraft:wooden_axe":1,"minecraft:iron_shovel":8,"minecraft:iron_leggings":1,"minecraft:white_bed":1,"minecraft:oak_planks":88,"mcwroofs:light_gray_concrete_roof":1,"minecraft:cooked_chicken":1,"byg:palm_button":2,"minecraft:heavy_weighted_pressure_plate":4,"minecraft:hopper":2,"minecraft:chest":6,"minecraft:oak_button":4,"minecraft:polished_diorite_slab":8,"minecraft:smoker":1,"minecraft:dropper":1,"sophisticatedbackpacks:backpack":1,"minecraft:crafting_table":5,"minecraft:spruce_planks":16,"minecraft:wooden_pickaxe":2,"minecraft:hopper_minecart":1,"mcwtrpdoors:oak_glass_trapdoor":4,"minecraft:birch_planks":24,"sophisticatedbackpacks:upgrade_base":3,"byg:palm_planks":1412,"minecraft:diamond_pickaxe":1,"minecraft:shield":3,"create:framed_glass":5,"minecraft:stick":20,"minecraft:iron_ingot":93,"minecraft:redstone_torch":2,"minecraft:shears":1,"minecraft:wooden_sword":2,"minecraft:oak_door":3,"minecraft:raw_iron":45,"minecraft:redstone":18,"minecraft:furnace":2,"minecraft:oak_trapdoor":2,"minecraft:glass_pane":16,"minecraft:flint_and_steel":2,"minecraft:white_concrete_powder":232,"betteranimalsplus:calamari_cooked":3,"mcwroofs:light_gray_concrete_steep_roof":1,"minecraft:minecart":1,"minecraft:observer":1,"sophisticatedbackpacks:iron_backpack":1,"minecraft:cooked_beef":31,"minecraft:powered_rail":6,"minecraft:iron_sword":1,"minecraft:bowl":12,"minecraft:bucket":1,"minecraft:bread":5,"minecraft:air":0,"croptopia:rice_seed":2,"minecraft:white_dye":3,"sophisticatedbackpacks:smoking_upgrade":1,"minecraft:stonecutter":1,"minecraft:torch":4},"minecraft:dropped":{"sophisticatedbackpacks:iron_backpack":1,"byg:biomepedia":1,"minecraft:iron_sword":3,"minecraft:cooked_beef":7,"minecraft:glow_ink_sac":2,"untamedwilds:material_fat":9,"minecraft:glass_bottle":1,"minecraft:crafting_table":1,"minecraft:dark_oak_slab":2,"minecraft:crossbow":1,"farmersdelight:cooked_rice":8,"minecraft:saddle":1,"minecraft:leather_helmet":4,"sophisticatedbackpacks:gold_backpack":7,"minecraft:emerald":22,"minecraft:dirt":110,"minecraft:chain":1,"minecraft:gold_nugget":9,"minecraft:bone_meal":9,"minecraft:sunflower":5,"minecraft:phantom_membrane":1,"minecraft:sand":18,"minecraft:iron_pickaxe":3,"minecraft:dark_oak_planks":6,"minecraft:fermented_spider_eye":6,"rottencreatures:magma_rotten_flesh":2,"minecraft:white_wool":2,"minecraft:bone":15,"minecraft:stone_axe":2,"croptopia:toast":3,"minecraft:iron_nugget":13,"minecraft:cooked_chicken":3,"alexsmobs:animal_dictionary":1,"minecraft:wheat":45,"justenoughdrugz:weed_seed":3,"farmersdelight:cabbage":3,"minecraft:rotten_flesh":25,"minecraft:oak_planks":2,"alexsmobs:cachalot_whale_tooth":1,"evilcraft:flesh_humanoid":1,"supplementaries:flax_seeds":1,"minecraft:tipped_arrow":2,"croptopia:rice_seed":10,"minecraft:charcoal":4,"minecraft:leather_boots":6,"farmersdelight:rope":16,"minecraft:leather_leggings":3,"minecraft:glass":2,"minecraft:beef":2,"aquamirae:sharp_bones":5,"croptopia:barley":2,"mcwtrpdoors:oak_barn_trapdoor":4,"minecraft:egg":1,"minecraft:enchanted_book":1,"minecraft:iron_ingot":30,"untamedwilds:flora_common_reed":11,"minecraft:wheat_seeds":132,"minecraft:golden_horse_armor":1,"minecraft:cobblestone":176,"minecraft:iron_helmet":1,"minecraft:feather":11,"croptopia:orange":1,"artifacts:whoopee_cushion":1,"orcz:orcagaric":2,"minecraft:apple":1,"minecraft:granite":16,"minecraft:chainmail_helmet":4,"minecraft:coal":78,"minecraft:cobweb":2,"minecraft:ink_sac":6,"minecraft:wooden_hoe":3,"minecraft:wooden_axe":2,"justenoughdrugz:coca_seeds":1,"minecraft:chainmail_leggings":1,"minecraft:iron_shovel":1,"minecraft:string":15,"croptopia:cooked_calamari":1,"create:raw_zinc":1,"minecraft:furnace":1,"minecraft:bricks":1,"alexsmobs:crocodile_scute":4,"minecraft:stone_sword":6,"croptopia:raspberry_seed":2,"orcz:orcamanita":12,"minecraft:iron_boots":1,"minecraft:name_tag":2,"croptopia:radish_seed":3,"minecraft:lily_of_the_valley":1,"supplementaries:quiver":2,"minecraft:stone":4,"botania:lexicon":1,"minecraft:spruce_planks":17,"minecraft:bundle":3,"minecraft:diamond_pickaxe":2,"minecraft:spider_eye":23,"minecraft:redstone_torch":1,"minecraft:stone_pressure_plate":1,"minecraft:barrel":1,"minecraft:stone_bricks":3,"minecraft:sandstone":16,"byg:tall_pink_allium":1,"untamedwilds:flora_junegrass":1,"minecraft:red_tulip":2,"securitycraft:alarm":1,"minecraft:birch_planks":4,"byg:palm_sapling":1,"minecraft:oak_log":1,"minecraft:baked_potato":1,"mcwtrpdoors:oak_glass_trapdoor":4,"minecraft:ender_pearl":1,"minecraft:leather":6,"artifacts:flippers":1,"croptopia:chile_pepper_seed":1,"croptopia:apricot":8,"minecraft:cod":1,"minecraft:snowball":1,"farmersdelight:onion":1,"croptopia:calamari":7,"byg:palm_planks":254,"minecraft:gravel":91,"minecraft:beetroot":1,"orcz:orcshroom":2,"sophisticatedbackpacks:diamond_backpack":1,"minecraft:chainmail_chestplate":4,"justenoughdrugz:cocaine_baggie":1,"minecraft:leather_chestplate":1,"supplementaries:ash":14,"croptopia:greenonion_seed":3,"minecraft:gunpowder":9,"artifacts:helium_flamingo":1,"minecraft:beetroot_seeds":4,"minecraft:chest":3,"minecraft:birch_door":2,"minecraft:chainmail_boots":2,"minecraft:arrow":2,"minecraft:iron_bars":3,"minecraft:powered_rail":5,"minecraft:written_book":1,"minecraft:bread":8,"minecraft:golden_helmet":1,"minecraft:prismarine_shard":1,"croptopia:rice":6,"evilcraft:dark_gem":23,"minecraft:copper_ingot":1,"minecraft:grass_block":1,"minecraft:stick":1,"farmersdelight:golden_knife":1,"minecraft:diorite":1,"minecraft:torch":69,"farmersdelight:cooking_pot":1,"byg:soapstone":2,"minecraft:iron_door":1,"tombstone:grave_dust":1,"minecraft:iron_leggings":1,"minecraft:cactus":2,"duckling:duck_egg":5,"minecraft:bucket":1,"minecraft:kelp":23,"croptopia:honeydew_seed":1,"minecraft:coarse_dirt":2,"minecraft:raw_copper":140,"create:crushed_raw_zinc":128,"farmersdelight:cabbage_seeds":11,"minecraft:stripped_acacia_wood":2,"minecraft:flint_and_steel":2,"minecraft:shield":6,"create:veridium":2,"minecraft:oak_button":3,"orcz:orcteeth":7,"minecraft:iron_chestplate":1,"minecraft:andesite":29,"minecraft:oak_sapling":6,"minecraft:spruce_log":6,"minecraft:stone_pickaxe":3,"minecraft:wooden_pickaxe":1,"minecraft:raw_gold":2,"minecraft:nautilus_shell":6,"untamedwilds:hide_bigcat_puma":6,"minecraft:brick":2}},"DataVersion":3120}