{"stats":{"minecraft:custom":{"minecraft:mob_kills":68,"minecraft:interact_with_crafting_table":18,"minecraft:open_barrel":37,"minecraft:damage_dealt_resisted":1939,"minecraft:leave_game":1,"minecraft:time_since_death":96230,"minecraft:climb_one_cm":942,"minecraft:sprint_one_cm":360803,"minecraft:walk_one_cm":503267,"minecraft:drop":20,"minecraft:damage_dealt_absorbed":157,"minecraft:play_time":122639,"minecraft:deaths":1,"minecraft:sneak_time":4400,"minecraft:walk_under_water_one_cm":4726,"minecraft:jump":2437,"minecraft:walk_on_water_one_cm":11102,"minecraft:total_world_time":122639,"minecraft:interact_with_furnace":10,"tombstone:raider_killed":7,"minecraft:sleep_in_bed":5,"minecraft:time_since_rest":20132,"minecraft:damage_taken":4597,"minecraft:damage_absorbed":120,"minecraft:damage_dealt":15737,"minecraft:swim_one_cm":34269,"minecraft:fly_one_cm":513678,"minecraft:open_chest":59,"minecraft:crouch_one_cm":20685,"tombstone:undead_killed":18,"minecraft:fall_one_cm":57754},"minecraft:used":{"simplyswords:iron_claymore":48,"minecraft:chest":4,"minecraft:spruce_planks":79,"minecraft:torch":18,"minecraft:dirt":1,"minecraft:carrot":6,"minecraft:spruce_fence":1,"minecraft:birch_door":2,"minecraft:wooden_axe":34,"minecraft:iron_axe":105,"minecraft:dark_oak_wood":2,"evilcraft:box_of_eternal_closure":2,"minecraft:smooth_quartz":1,"minecraft:golden_carrot":4,"minecraft:furnace":2,"tombstone:gift":2,"minecraft:cooked_mutton":5,"minecraft:water_bucket":2,"minecraft:birch_planks":239,"minecraft:stone_pickaxe":115,"minecraft:wooden_pickaxe":19,"minecraft:brown_mushroom":1,"minecraft:golden_apple":3,"simplyswords:diamond_greataxe":264,"minecraft:crafting_table":5,"minecraft:dark_prismarine":18,"minecraft:cyan_bed":3,"minecraft:bread":53,"minecraft:melon_slice":7,"minecraft:stone_axe":95,"minecraft:diamond_sword":27,"minecraft:cobblestone":17,"minecraft:porkchop":1,"minecraft:cooked_porkchop":5,"minecraft:bucket":3,"alexsmobs:animal_dictionary":1,"minecraft:bone_meal":3},"minecraft:broken":{"minecraft:stone_axe":1},"minecraft:mined":{"minecraft:dark_oak_planks":1,"minecraft:yellow_terracotta":4,"minecraft:dark_prismarine":21,"minecraft:spruce_planks":24,"byg:zelkova_log":2,"minecraft:spruce_fence":5,"minecraft:grass_block":2,"minecraft:spruce_leaves":8,"minecraft:spawner":6,"minecraft:large_fern":11,"untamedwilds:flora_yarrow":1,"byg:crocus":6,"minecraft:furnace":1,"evilcraft:box_of_eternal_closure":2,"minecraft:dark_oak_stairs":1,"minecraft:enchanting_table":1,"minecraft:bookshelf":7,"minecraft:light_gray_concrete":5,"byg:white_anemone":1,"minecraft:packed_ice":2,"minecraft:spruce_wood":17,"minecraft:stone":55,"minecraft:crafting_table":3,"minecraft:cornflower":1,"minecraft:dark_oak_wood":2,"minecraft:melon":1,"minecraft:chest":1,"minecraft:cobblestone":3,"minecraft:cyan_bed":1,"botania:light_gray_double_flower":1,"minecraft:wall_torch":3,"byg:pink_anemone":1,"minecraft:birch_planks":6,"minecraft:birch_log":102,"minecraft:ice":2,"minecraft:spruce_log":7,"minecraft:birch_leaves":12,"byg:leaf_pile":1,"minecraft:grass":5,"minecraft:coal_ore":1,"minecraft:dirt":4,"minecraft:sand":1,"minecraft:cyan_carpet":1,"minecraft:smooth_quartz":32,"minecraft:oak_leaves":1,"minecraft:fern":4},"minecraft:killed":{"minecraft:cave_spider":16,"minecraft:spider":8,"minecraft:vindicator":1,"minecraft:skeleton":6,"minecraft:magma_cube":1,"minecraft:pig":4,"minecraft:creeper":2,"betteranimalsplus:eel_freshwater":1,"minecraft:pillager":6,"betteranimalsplus:reindeer":2,"minecraft:wither_skeleton":12},"minecraft:picked_up":{"minecraft:crafting_table":3,"minecraft:leather_leggings":1,"minecraft:brown_mushroom":1,"minecraft:diamond_sword":1,"minecraft:enchanted_book":2,"byg:crocus":5,"minecraft:string":43,"aquamirae:pirate_pouch":1,"tombstone:scroll_of_unstable_intangibility":1,"byg:zelkova_log":2,"minecraft:spruce_planks":32,"minecraft:cyan_wool":7,"minecraft:smooth_quartz":27,"minecraft:melon_slice":7,"minecraft:chest":1,"minecraft:birch_sapling":14,"minecraft:furnace":1,"botania:lexicon":1,"minecraft:stick":10,"minecraft:torch":6,"botania:mana_bottle":1,"minecraft:spruce_fence":4,"minecraft:porkchop":9,"minecraft:dark_oak_planks":1,"byg:biomepedia":1,"evilcraft:box_of_eternal_closure":2,"minecraft:arrow":1,"minecraft:yellow_terracotta":4,"minecraft:saddle":1,"minecraft:gold_ingot":50,"untamedwilds:flora_yarrow":1,"minecraft:cobblestone":59,"minecraft:birch_log":102,"minecraft:enchanting_table":2,"minecraft:birch_planks":6,"minecraft:chainmail_chestplate":1,"supplementaries:flax_seeds":2,"byg:white_anemone":1,"minecraft:gunpowder":2,"minecraft:dirt":6,"minecraft:cooked_mutton":5,"minecraft:bone":10,"iammusicplayer:radio_antenna":1,"minecraft:spruce_wood":20,"minecraft:bamboo":3,"orcz:big_bone_1":4,"minecraft:dark_oak_stairs":1,"minecraft:book":27,"aquamirae:ship_graveyard_echo":1,"patchouli:guide_book":1,"minecraft:sand":4,"minecraft:spruce_sapling":1,"minecraft:cyan_bed":1,"minecraft:spruce_log":6,"minecraft:fermented_spider_eye":1,"minecraft:spider_eye":2,"minecraft:dark_prismarine":21,"minecraft:bundle":3,"byg:pink_anemone":1,"tombstone:familiar_stone":1,"minecraft:crossbow":2,"minecraft:emerald":37,"minecraft:dark_oak_wood":4,"minecraft:coal":4},"minecraft:dropped":{"byg:biomepedia":2,"orcz:big_bone_1":2,"minecraft:yellow_terracotta":1,"minecraft:book":15,"mca:book_romance":1,"minecraft:sand":4,"minecraft:redstone":2,"alexsmobs:animal_dictionary":1,"iammusicplayer:radio_antenna":1,"minecraft:spruce_fence":1,"minecraft:chainmail_chestplate":1,"supplementaries:flax_seeds":2,"botania:lexicon":1,"minecraft:bundle":1,"minecraft:arrow":1,"minecraft:stone_pickaxe":1},"minecraft:crafted":{"byg:zelkova_planks":8,"minecraft:furnace":1,"minecraft:bone_meal":3,"minecraft:iron_axe":1,"minecraft:stone_pickaxe":2,"minecraft:chest":3,"minecraft:birch_door":3,"minecraft:cooked_porkchop":8,"minecraft:crafting_table":2,"minecraft:spruce_planks":96,"minecraft:cyan_bed":2,"minecraft:wooden_pickaxe":2,"minecraft:birch_planks":264,"minecraft:stone_axe":2,"minecraft:air":0,"minecraft:charcoal":18,"minecraft:stick":20,"minecraft:wooden_axe":1,"minecraft:torch":20}},"DataVersion":3120}