{"stats":{"minecraft:broken":{"minecraft:chainmail_helmet":1,"minecraft:stone_pickaxe":1,"minecraft:iron_pickaxe":1},"minecraft:crafted":{"justenoughdrugz:blunt":6,"minecraft:diamond_hoe":1,"minecraft:furnace":1,"minecraft:bone_meal":213,"minecraft:cooked_mutton":10,"minecraft:diamond_helmet":1,"minecraft:chest":3,"minecraft:dark_oak_planks":68,"minecraft:cooked_porkchop":3,"minecraft:diamond_axe":1,"minecraft:crafting_table":4,"minecraft:spruce_planks":472,"minecraft:wooden_pickaxe":1,"minecraft:cyan_bed":3,"minecraft:spruce_door":3,"sophisticatedbackpacks:gold_backpack":1,"minecraft:birch_planks":8,"minecraft:stone_axe":1,"minecraft:glowstone":1,"minecraft:air":0,"minecraft:paper":6,"minecraft:white_wool":3,"minecraft:diamond_pickaxe":1,"sophisticatedbackpacks:diamond_backpack":1,"minecraft:stick":40,"byg:maple_planks":12,"byg:maple_crafting_table":1,"minecraft:iron_pickaxe":1,"minecraft:iron_shovel":1,"minecraft:white_bed":1,"minecraft:torch":48},"minecraft:dropped":{"byg:biomepedia":4,"minecraft:bread":2,"minecraft:wheat_seeds":3,"minecraft:golden_pickaxe":1,"untamedwilds:material_fat":11,"minecraft:diamond_leggings":1,"minecraft:oak_fence":2,"minecraft:cobblestone":64,"minecraft:spruce_stairs":1,"minecraft:flint":1,"orcz:orceye":1,"minecraft:dirt":1,"byg:maple_planks":8,"mca:book_romance":3,"minecraft:cornflower":1,"orcz:bone_1":2,"minecraft:smooth_quartz":3,"minecraft:melon_slice":4,"tombstone:grave_dust":4,"minecraft:fermented_spider_eye":1,"minecraft:dark_oak_planks":20,"minecraft:cyan_carpet":19,"minecraft:gravel":1,"alexsmobs:animal_dictionary":3,"justenoughdrugz:weed_seed":1,"minecraft:rotten_flesh":1,"byg:pink_anemone":1,"minecraft:cooked_mutton":5,"minecraft:spruce_fence":1,"patchouli:guide_book":2,"minecraft:diamond_chestplate":1,"botania:lexicon":1,"orcz:orcteeth":6,"minecraft:bundle":1,"minecraft:spruce_trapdoor":2,"minecraft:spruce_planks":1,"minecraft:andesite":18,"minecraft:chainmail_boots":1,"minecraft:spider_eye":1,"minecraft:spruce_slab":4,"minecraft:wooden_pickaxe":1,"orcz:orchorn":1,"minecraft:egg":1},"minecraft:killed_by":{"minecraft:wither_skeleton":1,"minecraft:vindicator":3},"minecraft:picked_up":{"minecraft:crafting_table":1,"byg:soapstone":7,"minecraft:golden_pickaxe":1,"minecraft:diamond_sword":3,"minecraft:wooden_pickaxe":1,"minecraft:cornflower":1,"minecraft:string":18,"minecraft:cyan_carpet":19,"minecraft:spruce_planks":61,"justenoughdrugz:weed_seed":147,"minecraft:cyan_wool":21,"minecraft:smooth_quartz":48,"minecraft:spruce_slab":6,"minecraft:melon_slice":25,"minecraft:sugar_cane":19,"minecraft:spruce_trapdoor":2,"minecraft:egg":1,"botania:lexicon":2,"minecraft:stick":2,"justenoughdrugz:weed":54,"minecraft:oak_fence":2,"minecraft:torch":39,"minecraft:spruce_stairs":1,"minecraft:spruce_fence":6,"minecraft:porkchop":3,"orcz:orchorn":1,"tombstone:grave_dust":13,"minecraft:redstone":2,"minecraft:dark_oak_planks":3,"byg:biomepedia":5,"minecraft:arrow":8,"minecraft:rotten_flesh":3,"minecraft:yellow_terracotta":2,"minecraft:mutton":10,"iammusicplayer:boombox":1,"minecraft:white_wool":2,"minecraft:cobblestone":508,"minecraft:birch_log":2,"minecraft:enchanting_table":1,"orcz:orcteeth":6,"minecraft:golden_carrot":10,"minecraft:andesite":44,"minecraft:leather":8,"minecraft:chiseled_quartz_block":5,"minecraft:flint":1,"minecraft:gunpowder":2,"minecraft:wither_skeleton_skull":2,"mca:book_romance":3,"minecraft:dirt":143,"tombstone:gift":1,"minecraft:bone":49,"untamedwilds:material_fat":13,"minecraft:wheat_seeds":3,"minecraft:spruce_wood":35,"minecraft:stone_pickaxe":1,"minecraft:glowstone_dust":4,"minecraft:dark_oak_stairs":1,"duckling:duck_egg":1,"minecraft:book":69,"byg:maple_log":3,"minecraft:cooked_porkchop":1,"patchouli:guide_book":1,"justenoughdrugz:unrefined_oil":2,"minecraft:gravel":3,"minecraft:cyan_bed":3,"minecraft:spruce_log":94,"minecraft:fermented_spider_eye":1,"alexsmobs:animal_dictionary":3,"minecraft:spider_eye":10,"minecraft:bundle":1,"minecraft:light_gray_concrete":24,"byg:pink_anemone":1,"minecraft:diamond":3,"minecraft:emerald":1,"minecraft:bread":2,"orcz:orceye":1,"minecraft:dark_oak_wood":19,"minecraft:coal":17},"minecraft:used":{"minecraft:iron_shovel":136,"minecraft:spruce_slab":2,"minecraft:diamond_hoe":92,"minecraft:chest":3,"minecraft:spruce_planks":396,"minecraft:torch":97,"minecraft:dirt":140,"iammusicplayer:boombox":1,"minecraft:cyan_wool":1,"minecraft:dark_oak_planks":6,"minecraft:smooth_quartz":33,"minecraft:glowstone":1,"minecraft:golden_carrot":10,"minecraft:furnace":1,"duckling:duck_egg":1,"tombstone:gift":4,"byg:maple_crafting_table":1,"minecraft:cooked_mutton":5,"minecraft:water_bucket":18,"minecraft:spruce_door":1,"minecraft:stone_pickaxe":18,"minecraft:wooden_pickaxe":46,"minecraft:chainmail_helmet":1,"minecraft:diamond_axe":103,"minecraft:sugar_cane":13,"minecraft:golden_apple":1,"minecraft:crafting_table":5,"minecraft:white_bed":1,"minecraft:spruce_log":12,"minecraft:diamond_pickaxe":379,"minecraft:bread":66,"minecraft:cyan_bed":6,"minecraft:melon_slice":21,"minecraft:iron_pickaxe":253,"minecraft:stone_axe":123,"minecraft:diamond_sword":403,"minecraft:cobblestone":43,"minecraft:chainmail_boots":1,"minecraft:cooked_porkchop":10,"justenoughdrugz:weed_seed":141,"minecraft:bucket":19,"minecraft:bone_meal":213,"minecraft:chainmail_leggings":1},"minecraft:custom":{"minecraft:interact_with_anvil":2,"minecraft:mob_kills":82,"minecraft:interact_with_crafting_table":39,"minecraft:open_barrel":21,"minecraft:damage_dealt_resisted":3721,"minecraft:leave_game":3,"minecraft:time_since_death":56386,"minecraft:climb_one_cm":32,"minecraft:sprint_one_cm":512840,"minecraft:walk_one_cm":595757,"minecraft:drop":63,"minecraft:play_noteblock":1,"minecraft:play_time":199258,"minecraft:deaths":5,"minecraft:sneak_time":17821,"minecraft:walk_under_water_one_cm":9790,"minecraft:jump":3118,"minecraft:walk_on_water_one_cm":22264,"minecraft:total_world_time":199258,"minecraft:interact_with_furnace":8,"tombstone:raider_killed":3,"minecraft:sleep_in_bed":4,"minecraft:time_since_rest":56438,"minecraft:damage_taken":6812,"minecraft:damage_absorbed":40,"minecraft:damage_dealt":20307,"minecraft:swim_one_cm":52082,"minecraft:fly_one_cm":634919,"minecraft:open_chest":81,"minecraft:crouch_one_cm":74047,"tombstone:undead_killed":64,"minecraft:fall_one_cm":75422},"minecraft:killed":{"minecraft:cave_spider":10,"mca:male_zombie_villager":1,"minecraft:spider":3,"minecraft:vindicator":2,"minecraft:skeleton":6,"untamedwilds:boar":2,"minecraft:creeper":1,"kevin_trophy:blister_zombie":2,"minecraft:pillager":1,"minecraft:zombie":18,"untamedwilds:bison":3,"orcz:goblin_2sword":1,"orcz:orcsavage_2sword":1,"minecraft:wither_skeleton":37},"minecraft:mined":{"minecraft:dark_oak_planks":3,"minecraft:yellow_terracotta":2,"byg:maple_log":3,"minecraft:spruce_planks":54,"minecraft:farmland":4,"minecraft:grass_block":113,"minecraft:spruce_fence":6,"minecraft:redstone_wire":2,"iammusicplayer:boombox":1,"minecraft:spruce_leaves":10,"minecraft:spawner":19,"minecraft:large_fern":8,"minecraft:glowstone":1,"justenoughdrugz:oil_ore":2,"minecraft:andesite":44,"minecraft:dark_oak_stairs":1,"minecraft:enchanting_table":1,"minecraft:bookshelf":18,"minecraft:light_gray_concrete":19,"minecraft:packed_ice":6,"minecraft:spruce_wood":40,"minecraft:stone":511,"minecraft:spruce_slab":5,"justenoughdrugz:weed_plant":60,"minecraft:chiseled_quartz_block":5,"minecraft:oak_fence":1,"minecraft:crafting_table":1,"minecraft:torch":8,"minecraft:dark_oak_wood":20,"minecraft:melon":4,"minecraft:cobblestone":1,"minecraft:cyan_bed":3,"minecraft:sugar_cane":19,"minecraft:wall_torch":22,"minecraft:spruce_stairs":1,"minecraft:cyan_wool":24,"byg:soapstone":7,"minecraft:birch_log":2,"minecraft:spruce_log":92,"byg:leaf_pile":1,"minecraft:stone_brick_stairs":1,"minecraft:grass":11,"minecraft:coal_ore":7,"minecraft:gravel":4,"minecraft:cyan_carpet":2,"minecraft:dirt":26,"minecraft:smooth_quartz":47,"minecraft:cobweb":8,"minecraft:oak_leaves":3,"minecraft:fern":2}},"DataVersion":3120}