{"stats":{"minecraft:picked_up":{"justenoughdrugz:coca_seeds":41,"minecraft:chainmail_boots":4,"byg:lush_dirt":5,"minecraft:anvil":1,"minecraft:prismarine_shard":2,"croptopia:tomatillo_seed":2,"minecraft:stone_slab":5,"justenoughdrugz:unrefined_lithium":11,"minecraft:smithing_table":1,"minecraft:lead":4,"botania:black_double_flower":1,"minecraft:enchanted_book":1,"croptopia:cabbage_seed":6,"croptopia:calamari":18,"minecraft:brewing_stand":3,"botania:light_blue_double_flower":2,"minecraft:string":80,"create:limestone":1,"botania:light_gray_double_flower":2,"minecraft:gold_nugget":26,"minecraft:cobbled_deepslate":28,"minecraft:spruce_planks":78,"croptopia:mustard_seed":7,"croptopia:blueberry":3,"minecraft:coal_block":13,"minecraft:golden_helmet":1,"artifacts:universal_attractor":1,"justenoughdrugz:weed":3,"croptopia:cucumber":1,"croptopia:barley_seed":7,"create:andesite_casing":127,"botania:white_mystical_flower":40,"botania:manasteel_ingot":5,"minecraft:stone_sword":2,"botania:livingrock":6,"create:scoria":1,"farmersdelight:onion":2,"byg:green_enchanted_sapling":2,"croptopia:raspberry_seed":11,"supplementaries:quiver":6,"supplementaries:ash":15,"croptopia:pecan":5,"minecraft:iron_bars":2,"minecraft:snowball":8,"minecraft:birch_log":20,"croptopia:lettuce_seed":5,"minecraft:magma_block":2,"minecraft:feather":12,"minecraft:cooked_beef":9,"orcz:orcteeth":36,"minecraft:flint":103,"minecraft:stripped_spruce_wood":4,"orcz:orc_wood_slab":1,"croptopia:celery":4,"untamedwilds:flora_junegrass":1,"botania:white_double_flower":1,"minecraft:twisting_vines":15,"betteranimalsplus:pheasant_egg":5,"byg:blueberries":17,"create:mechanical_drill":15,"croptopia:bellpepper":3,"create:shaft":137,"minecraft:moss_block":1,"croptopia:roe":2,"croptopia:lime":10,"duckling:duck_egg":8,"botania:gray_double_flower":3,"justenoughdrugz:plastic":2,"minecraft:warped_wart_block":17,"create:empty_blaze_burner":1,"minecraft:stripped_acacia_wood":1,"byg:witch_hazel_sapling":92,"croptopia:celery_seed":7,"orcz:blue_orcshroom":5,"minecraft:stripped_spruce_log":1,"croptopia:oat":5,"minecraft:ink_sac":25,"minecraft:fermented_spider_eye":8,"minecraft:barrel":1,"minecraft:dark_oak_log":10,"minecraft:red_terracotta":1,"croptopia:spinach_seed":2,"croptopia:chile_pepper":5,"minecraft:bundle":2,"croptopia:cherry":8,"minecraft:polished_andesite":13,"minecraft:dispenser":2,"create:crimsite":1,"byg:pink_anemone":1,"minecraft:lever":18,"croptopia:radish_seed":2,"botania:orange_mushroom":1,"minecraft:granite":18,"minecraft:bread":15,"alexsmobs:maggot":22,"minecraft:bricks":10,"create:precision_mechanism":1,"croptopia:toast":2,"sophisticatedbackpacks:gold_backpack":1,"minecraft:crafting_table":23,"minecraft:coarse_dirt":1,"minecraft:clay_ball":55,"minecraft:leather_leggings":3,"minecraft:redstone_lamp":19,"farmersdelight:cooked_rice":8,"justenoughdrugz:coca":11,"alexsmobs:farseer_arm":2,"minecraft:flint_and_steel":1,"minecraft:netherite_scrap":4,"croptopia:soybean":3,"minecraft:cracked_stone_bricks":2,"botania:pure_daisy":24,"minecraft:beef":18,"croptopia:pepper_seed":1,"minecraft:poppy":2,"minecraft:iron_nugget":2,"minecraft:spruce_slab":2,"minecraft:chest":4,"minecraft:birch_sapling":10,"minecraft:piston":12,"minecraft:egg":3,"minecraft:sandstone":10,"minecraft:stone":6,"croptopia:corn_seed":5,"create:crushed_raw_zinc":128,"croptopia:blackbean_seed":1,"minecraft:spruce_fence":2,"justenoughdrugz:cocaine_baggie":2,"orcz:orchorn":3,"minecraft:carrot":28,"minecraft:redstone":93,"create:brass_casing":5,"byg:brimstone":13,"create:vertical_gearbox":46,"securitycraft:alarm":3,"croptopia:strawberry_seed":1,"minecraft:beetroot_seeds":4,"botania:apothecary_default":6,"iammusicplayer:parabolic_antenna":3,"minecraft:hay_block":109,"botania:blue_mystical_flower":2,"create:depot":14,"minecraft:gold_ingot":82,"tombstone:essence_of_undeath":1,"artifacts:pocket_piston":1,"croptopia:pepper":1,"byg:palm_log":75,"minecraft:glow_berries":3,"minecraft:mutton":3,"minecraft:white_wool":4,"minecraft:bone_block":6,"create:iron_sheet":7,"byg:witch_hazel_log":217,"minecraft:ochre_froglight":51,"botania:light_gray_mushroom":1,"minecraft:oak_log":300,"byg:white_anemone":1,"orcz:orcteeth_armor_armor_chestplate":1,"alexsmobs:mosquito_proboscis":2,"minecraft:white_banner":1,"untamedwilds:spawn_tortoise":22,"croptopia:rice_seed":65,"create:crushing_wheel":2,"croptopia:barley":11,"minecraft:apple":106,"minecraft:stone_bricks":1,"farmersdelight:cooking_pot":1,"minecraft:kelp":151,"croptopia:squash":2,"minecraft:spore_blossom":2,"minecraft:stone_pickaxe":1,"tombstone:bag_of_seeds":2,"croptopia:tomato":2,"botania:cyan_petal":1,"minecraft:iron_sword":2,"minecraft:flowering_azalea":2,"minecraft:sweet_berries":6,"minecraft:red_wool":9,"minecraft:gravel":2290,"botania:apothecary_livingrock":5,"orcz:orcamanita":19,"croptopia:rutabaga_seed":4,"minecraft:spruce_sapling":3,"croptopia:tea_seed":3,"minecraft:spruce_log":36,"create:gearbox":63,"minecraft:slime_ball":25,"croptopia:orange":10,"botania:orange_mystical_flower":4,"minecraft:warped_roots":1,"minecraft:baked_potato":8,"minecraft:hopper":2,"minecraft:ender_pearl":1,"betteranimalsplus:calamari_raw":16,"minecraft:wheat":181,"byg:maple_slab":6,"minecraft:redstone_block":2,"croptopia:kale":2,"croptopia:broccoli":5,"tombstone:grave_key":2,"croptopia:cantaloupe":3,"croptopia:lettuce":3,"minecraft:raw_copper":218,"minecraft:sticky_piston":12,"minecraft:oak_sign":6,"create:mechanical_press":12,"minecraft:comparator":1,"minecraft:bucket":3,"minecraft:rose_bush":1,"minecraft:redstone_torch":6,"minecraft:cobblestone_slab":5,"minecraft:azalea":5,"minecraft:smooth_quartz":6,"minecraft:iron_pickaxe":1,"farmersdelight:cabbage_seeds":1,"minecraft:furnace":10,"minecraft:stick":185,"create:mechanical_mixer":2,"byg:anthracite":1,"croptopia:rutabaga":3,"minecraft:torch":31,"croptopia:blackberry_seed":10,"minecraft:spruce_stairs":2,"minecraft:porkchop":4,"croptopia:ginger_seed":1,"orcz:squigs_claws":4,"tombstone:grave_dust":16,"minecraft:diorite":8,"infernalexp:raw_hogchop":3,"create:large_cogwheel":27,"minecraft:rotten_flesh":35,"croptopia:squash_seed":3,"botania:light_gray_mystical_flower":13,"orcz:orcshroom":8,"create:asurine":1,"minecraft:obsidian":2,"iammusicplayer:boombox":1,"minecraft:cod":1,"croptopia:cabbage":3,"minecraft:cobblestone":1052,"croptopia:cauliflower":1,"minecraft:leather_chestplate":3,"croptopia:radish":1,"minecraft:magma_cream":1,"minecraft:repeater":25,"croptopia:broccoli_seed":6,"croptopia:nectarine":15,"minecraft:andesite":457,"minecraft:chiseled_quartz_block":2,"minecraft:potato":2,"create:belt_connector":17,"croptopia:spinach":1,"minecraft:tuff":11,"create:raw_zinc":92,"evilcraft:flesh_humanoid":5,"create:incomplete_precision_mechanism":2,"croptopia:blueberry_seed":6,"minecraft:lapis_lazuli":184,"minecraft:dirt":2834,"minecraft:name_tag":3,"minecraft:leather_boots":1,"minecraft:glass":290,"minecraft:bone":162,"croptopia:corn":2,"botania:cyan_mystical_flower":1,"croptopia:sweetpotato":4,"minecraft:bow":4,"minecraft:wheat_seeds":685,"minecraft:raw_gold":57,"croptopia:kale_seed":4,"minecraft:oak_planks":127,"botania:gray_mystical_flower":39,"croptopia:chile_pepper_seed":8,"croptopia:rice":29,"create:cogwheel":50,"croptopia:mustard":5,"orcz:orcagaric":11,"croptopia:blackberry":6,"minecraft:sand":1223,"minecraft:cyan_bed":12,"byg:maple_sapling":24,"minecraft:light_gray_concrete":3,"minecraft:slime_block":5,"minecraft:sugar":1,"byg:skyris_crafting_table":2,"artifacts:golden_hook":1,"minecraft:diamond":20,"minecraft:black_concrete":178,"waystones:waystone":7,"sophisticatedbackpacks:feeding_upgrade":1,"minecraft:bone_meal":3,"alexsmobs:banana_slug_slime":2,"minecraft:emerald":10,"minecraft:oak_sapling":149,"minecraft:netherrack":55,"croptopia:cashew":6,"minecraft:oak_leaves":16,"minecraft:cocoa_beans":1,"minecraft:allium":5,"byg:soapstone":6,"minecraft:ladder":4,"croptopia:peach":19,"byg:maple_planks":36,"croptopia:sweetpotato_seed":7,"create:rotation_speed_controller":6,"minecraft:gold_block":3,"minecraft:chain":8,"minecraft:shield":1,"create:mechanical_harvester":1,"untamedwilds:food_turtle_cooked":2,"croptopia:bellpepper_seed":5,"croptopia:pear":6,"croptopia:tomatillo":1,"croptopia:tomato_seed":3,"minecraft:oak_boat":1,"justenoughdrugz:weed_seed":201,"create:basin":3,"minecraft:observer":4,"minecraft:sugar_cane":48,"minecraft:raw_iron":220,"croptopia:soybean_seed":6,"croptopia:greenbean_seed":8,"minecraft:copper_ingot":75,"byg:green_apple":4,"iammusicplayer:cassette_tape":1,"minecraft:trident":1,"croptopia:strawberry":1,"create:zinc_ingot":139,"minecraft:dark_oak_planks":1,"create:deployer":8,"minecraft:arrow":100,"croptopia:cantaloupe_seed":5,"minecraft:nether_bricks":2,"comforts:sleeping_bag_red":1,"artifacts:running_shoes":2,"minecraft:brick_stairs":2,"minecraft:skeleton_skull":3,"minecraft:glow_ink_sac":3,"minecraft:leather":33,"minecraft:birch_planks":3,"alexsmobs:cachalot_whale_tooth":1,"croptopia:tea_leaves":2,"create:andesite_alloy":97,"minecraft:chainmail_chestplate":3,"securitycraft:keypad_chest":1,"minecraft:gunpowder":21,"create:blaze_burner":19,"botania:light_blue_mystical_flower":1,"botania:black_mystical_flower":8,"minecraft:cooked_mutton":1,"minecraft:red_carpet":2,"minecraft:iron_ingot":94,"croptopia:raspberry":9,"croptopia:turnip_seed":3,"sophisticatedbackpacks:diamond_backpack":3,"justenoughdrugz:sulfur":7,"byg:maple_log":69,"croptopia:cauliflower_seed":1,"minecraft:warped_fungus":39,"create:large_water_wheel":14,"minecraft:pumpkin":7,"croptopia:starfruit":14,"minecraft:quartz":12,"minecraft:dandelion":4,"croptopia:cucumber_seed":2,"untamedwilds:flora_eelgrass":2,"minecraft:lava_bucket":1,"justenoughdrugz:unrefined_oil":77,"minecraft:white_bed":1,"botania:white_petal":10,"betteranimalsplus:turkey_leg_raw":2,"artifacts:scarf_of_invisibility":1,"byg:palm_planks":217,"minecraft:spider_eye":20,"byg:skyris_log":5,"croptopia:lemon":5,"croptopia:oat_seed":8,"create:brass_ingot":50,"minecraft:chainmail_leggings":1,"create:encased_fan":5,"evilcraft:dark_gem":10,"minecraft:iron_helmet":3,"croptopia:greenbean":5,"minecraft:terracotta":5,"tombstone:magic_scroll":3,"minecraft:coal":42,"minecraft:sunflower":1},"minecraft:custom":{"minecraft:interact_with_crafting_table":271,"minecraft:open_barrel":98,"minecraft:leave_game":20,"minecraft:time_since_death":133418,"minecraft:damage_blocked_by_shield":4435,"minecraft:play_time":1539003,"minecraft:deaths":39,"tombstone:tomb_raiding":1,"minecraft:jump":20961,"minecraft:interact_with_furnace":97,"minecraft:traded_with_villager":2,"minecraft:sleep_in_bed":53,"minecraft:waystone_activated":9,"minecraft:damage_dealt":50523,"tombstone:undead_killed":113,"minecraft:interact_with_smoker":9,"minecraft:interact_with_smithing_table":5,"minecraft:inspect_dropper":1,"minecraft:inspect_hopper":3,"minecraft:damage_dealt_absorbed":35,"minecraft:sneak_time":64254,"minecraft:interact_with_lectern":2,"minecraft:interact_with_blast_furnace":98,"minecraft:total_world_time":1539003,"tombstone:raider_killed":2,"minecraft:time_since_rest":72599,"minecraft:swim_one_cm":780448,"minecraft:fly_one_cm":5167661,"minecraft:open_chest":750,"minecraft:fall_one_cm":493212,"minecraft:damage_resisted":6,"minecraft:sprint_one_cm":4180187,"minecraft:drop":699,"minecraft:talked_to_villager":22,"minecraft:interact_with_brewingstand":1,"minecraft:walk_on_water_one_cm":394492,"minecraft:player_kills":1,"minecraft:crouch_one_cm":167019,"tombstone:villager_killed":1,"minecraft:mob_kills":269,"minecraft:damage_dealt_resisted":742,"minecraft:climb_one_cm":47300,"minecraft:walk_one_cm":3998644,"minecraft:walk_under_water_one_cm":196333,"minecraft:boat_one_cm":78882,"minecraft:damage_taken":32907,"minecraft:trigger_trapped_chest":3},"minecraft:killed_by":{"orcz:snot":1,"orcz:orcsavagemace":1,"orcz:bigorcboss":1,"minecraft:zombie":3,"alexsmobs:grizzly_bear":1,"orcz:squig":1,"rottencreatures:undead_miner":1,"kevin_trophy:zombie_brute":1,"minecraft:creeper":1,"orcz:orcsavage_2sword":1,"kevin_trophy:crawler_zombie":1,"artifacts:mimic":1,"minecraft:player":3,"minecraft:skeleton":7,"kevin_trophy:blister_zombie":5},"minecraft:used":{"minecraft:moss_block":1,"byg:maple_sapling":6,"create:deployer":16,"create:brass_casing":2,"croptopia:calamari":1,"minecraft:ladder":3,"minecraft:chest":9,"minecraft:stone":6,"untamedwilds:spawn_tortoise":22,"minecraft:rotten_flesh":1,"botania:orange_mushroom":1,"create:fluid_tank":45,"securitycraft:keypad_item":3,"create:mechanical_crafter":55,"create:depot":28,"minecraft:snowball":8,"minecraft:stripped_spruce_log":1,"minecraft:lava_bucket":18,"minecraft:red_wool":2,"minecraft:birch_sapling":1,"supplementaries:bomb_blue":1,"croptopia:peach":14,"create:rotation_speed_controller":12,"create:shaft":287,"minecraft:sweet_berries":9,"minecraft:oak_sapling":89,"minecraft:furnace":9,"minecraft:egg":2,"minecraft:diorite":8,"botania:gray_mystical_flower":7,"create:crimsite":1,"minecraft:leather_chestplate":1,"minecraft:wooden_pickaxe":36,"minecraft:cookie":8,"minecraft:glow_berries":3,"minecraft:sand":134,"minecraft:blast_furnace":1,"securitycraft:universal_block_remover":1,"minecraft:chiseled_quartz_block":2,"minecraft:black_concrete_powder":88,"minecraft:red_terracotta":1,"minecraft:wooden_sword":19,"create:basin":3,"botania:pure_daisy":3,"minecraft:smithing_table":1,"minecraft:birch_log":1,"create:limestone":1,"minecraft:stone_sword":140,"croptopia:starfruit":1,"minecraft:netherrack":31,"minecraft:torch":80,"minecraft:warped_wart_block":16,"minecraft:anvil":1,"byg:palm_log":1,"byg:pink_anemone":1,"minecraft:twisting_vines":15,"minecraft:golden_shovel":64,"croptopia:raspberry":1,"byg:lush_dirt":3,"create:wrench":837,"create:gearbox":116,"minecraft:iron_axe":664,"minecraft:brick_stairs":2,"minecraft:smooth_quartz":6,"byg:palm_sign":3,"create:fluid_pipe":5,"duckling:duck_egg":8,"farmersdelight:cooking_pot":1,"tombstone:gift":5,"minecraft:cobbled_deepslate":11,"minecraft:acacia_planks":4,"create:belt_connector":48,"farmersdelight:cooked_rice":20,"minecraft:wheat_seeds":106,"minecraft:water_bucket":94,"byg:skyris_crafting_table":2,"byg:brimstone":13,"minecraft:birch_planks":79,"minecraft:cracked_stone_bricks":2,"create:blaze_burner":38,"create:encased_fan":6,"minecraft:crafting_table":24,"minecraft:red_bed":1,"supplementaries:bomb":2,"croptopia:apple_sapling":2,"byg:green_enchanted_sapling":2,"minecraft:white_bed":1,"botania:apothecary_default":5,"croptopia:kale":1,"minecraft:oak_log":61,"minecraft:diamond_pickaxe":52,"minecraft:sunflower":1,"minecraft:iron_pickaxe":911,"minecraft:suspicious_stew":1,"create:mechanical_arm":25,"minecraft:cobblestone":203,"minecraft:potion":4,"minecraft:porkchop":4,"untamedwilds:egg_tortoise":1,"byg:palm_planks":26,"minecraft:kelp":14,"minecraft:dandelion":3,"minecraft:iron_shovel":2888,"minecraft:oak_sign":6,"minecraft:shield":99,"minecraft:iron_sword":958,"minecraft:iron_chestplate":1,"tombstone:scroll_of_preservation":1,"minecraft:mutton":3,"byg:witch_hazel_planks":69,"create:cogwheel":91,"minecraft:carrot":12,"minecraft:tuff":5,"byg:maple_log":18,"minecraft:bricks":9,"minecraft:iron_helmet":2,"create:scoria":1,"orcz:orcagaric":1,"minecraft:stone_bricks":9,"minecraft:red_carpet":2,"minecraft:warped_fungus":3,"create:mechanical_drill":26,"minecraft:skeleton_skull":1,"minecraft:stripped_spruce_wood":2,"minecraft:golden_boots":1,"justenoughdrugz:coca_seeds":2,"create:crushing_wheel":8,"minecraft:stone_pickaxe":892,"minecraft:oak_planks":96,"minecraft:sandstone":10,"minecraft:sugar_cane":26,"minecraft:ochre_froglight":1,"waystones:waystone":5,"minecraft:lever":15,"minecraft:black_concrete":168,"minecraft:light_gray_concrete":3,"minecraft:dark_oak_log":2,"minecraft:bread":340,"minecraft:cyan_bed":12,"create:andesite_casing":79,"evilcraft:darkened_apple":2,"create:asurine":1,"minecraft:gravel":22,"croptopia:toast":2,"justenoughdrugz:weed_seed":4,"minecraft:andesite":6,"croptopia:cantaloupe":2,"create:vertical_gearbox":71,"minecraft:coarse_dirt":1,"minecraft:bone_meal":285,"create:large_cogwheel":43,"minecraft:experience_bottle":13,"minecraft:trident":2,"simplyswords:diamond_glaive":25,"minecraft:flint_and_steel":8,"securitycraft:keypad_chest":1,"comforts:sleeping_bag_red":1,"minecraft:spruce_planks":81,"minecraft:stone_hoe":20,"create:mechanical_pump":2,"minecraft:dirt":1852,"simplyhotsprings:hot_spring_water_bucket":80,"create:mechanical_mixer":2,"minecraft:granite":11,"minecraft:spruce_fence":2,"evilcraft:flesh_humanoid":1,"minecraft:golden_carrot":1,"byg:skyris_log":5,"minecraft:cooked_beef":14,"minecraft:pumpkin":6,"create:empty_blaze_burner":5,"minecraft:polished_andesite":13,"minecraft:baked_potato":8,"betteranimalsplus:pheasant_egg":3,"minecraft:cobblestone_slab":33,"minecraft:warped_roots":1,"botania:apothecary_livingrock":5,"minecraft:terracotta":5,"create:mechanical_harvester":1,"croptopia:cherry":2,"orcz:orcamanita":4,"minecraft:piston":11,"tombstone:bag_of_seeds":2,"minecraft:apple":111,"create:mechanical_press":20,"byg:soapstone":5,"create:large_water_wheel":39,"minecraft:stone_axe":244,"minecraft:bucket":209},"minecraft:broken":{"minecraft:iron_leggings":1,"minecraft:chainmail_boots":1,"minecraft:iron_sword":3,"minecraft:stone_sword":1,"minecraft:shield":1,"minecraft:iron_axe":4,"minecraft:iron_pickaxe":3,"minecraft:golden_helmet":1,"minecraft:iron_shovel":11,"minecraft:leather_leggings":2,"minecraft:golden_shovel":2,"minecraft:stone_pickaxe":6,"minecraft:stone_axe":2,"minecraft:leather_chestplate":1,"minecraft:leather_boots":1,"create:sand_paper":1},"minecraft:mined":{"byg:maple_log":70,"minecraft:white_bed":1,"create:andesite_casing":127,"minecraft:granite":18,"byg:skyris_log":5,"botania:black_double_flower":1,"minecraft:hopper":2,"create:belt":17,"create:rotation_speed_controller":6,"botania:light_gray_mystical_flower":13,"minecraft:red_stained_glass_pane":2,"minecraft:spawner":2,"byg:green_enchanted_sapling":1,"minecraft:tall_seagrass":2,"minecraft:magma_block":2,"minecraft:sticky_piston":9,"minecraft:fire":15,"minecraft:pumpkin":7,"minecraft:deepslate_lapis_ore":4,"byg:boric_fire":5,"minecraft:twisting_vines":11,"justenoughdrugz:coca_plant":1,"minecraft:oak_sign":6,"minecraft:light_gray_concrete":3,"botania:light_blue_mystical_flower":1,"create:mechanical_press":12,"create:limestone":1,"farmersdelight:wild_potatoes":1,"minecraft:piston_head":3,"create:cogwheel":42,"minecraft:kelp_plant":31,"infernalexp:planted_quartz":1,"minecraft:torch":19,"byg:brimstone":13,"create:scoria":1,"minecraft:cyan_bed":11,"minecraft:sugar_cane":26,"minecraft:bricks":9,"botania:black_mystical_flower":5,"minecraft:skeleton_skull":3,"create:basin":3,"byg:pink_anemone":1,"minecraft:repeater":15,"byg:soapstone":10,"byg:palm_wall_sign":2,"create:mechanical_mixer":2,"byg:green_apple_fruit_block":1,"untamedwilds:flora_eelgrass":2,"minecraft:grass":158,"minecraft:smooth_quartz":6,"minecraft:piston":12,"minecraft:deepslate":2,"create:zinc_ore":50,"justenoughdrugz:sulfur_ore":7,"byg:clover_patch":3,"farmersdelight:wild_carrots":26,"minecraft:dark_oak_log":10,"minecraft:nether_bricks":2,"minecraft:allium":1,"minecraft:spruce_fence":2,"minecraft:redstone_wire":30,"create:encased_fan":5,"farmersdelight:wild_cabbages":1,"minecraft:moss_block":1,"minecraft:kelp":65,"farmersdelight:wild_onions":2,"create:shaft":121,"justenoughdrugz:oil_ore":53,"botania:apothecary_livingrock":4,"minecraft:andesite":457,"orcz:orcshroom":5,"minecraft:cobblestone_slab":6,"byg:anthracite_ore":1,"create:deployer":8,"minecraft:bone_block":6,"minecraft:smithing_table":1,"minecraft:redstone_block":2,"byg:palm_planks":27,"minecraft:comparator":1,"justenoughdrugz:weed_plant":4,"minecraft:observer":2,"minecraft:dandelion":2,"minecraft:warped_roots":1,"minecraft:copper_ore":7,"minecraft:tall_grass":3,"minecraft:deepslate_gold_ore":35,"minecraft:diorite":9,"minecraft:warped_wart_block":18,"create:water_wheel_structure":2,"create:blaze_burner":20,"byg:green_apple_skyris_leaves":2,"minecraft:coarse_dirt":1,"minecraft:stripped_spruce_wood":4,"byg:maple_leaves":7,"create:gearbox":106,"minecraft:spruce_log":36,"minecraft:birch_leaves":8,"byg:leaf_pile":1,"create:mechanical_drill":16,"botania:white_mystical_flower":40,"byg:skyris_vine":1,"minecraft:gravel":385,"botania:gray_mystical_flower":25,"minecraft:stone_bricks":1,"minecraft:gold_ore":19,"byg:brown_oak_leaves":1,"create:deepslate_zinc_ore":40,"minecraft:spruce_planks":44,"orcz:orcamanita":16,"minecraft:oak_sapling":7,"sophisticatedbackpacks:gold_backpack":1,"minecraft:brewing_stand":3,"minecraft:grass_block":2176,"botania:apothecary_default":5,"minecraft:iron_ore":102,"comforts:sleeping_bag_red":1,"minecraft:anvil":1,"create:asurine":1,"minecraft:iron_bars":2,"minecraft:azalea":5,"minecraft:spruce_slab":1,"minecraft:deepslate_redstone_ore":14,"botania:orange_mystical_flower":4,"minecraft:twisting_vines_plant":7,"minecraft:chiseled_quartz_block":2,"minecraft:clay":2,"minecraft:poppy":2,"minecraft:chest":8,"create:brass_casing":5,"minecraft:cobblestone":65,"botania:blue_mystical_flower":2,"minecraft:oak_planks":94,"botania:light_gray_double_flower":2,"orcz:orc_wood_slab":1,"byg:lush_grass_block":5,"minecraft:deepslate_copper_ore":17,"create:large_water_wheel":6,"minecraft:seagrass":13,"farmersdelight:sandy_shrub":1,"minecraft:warped_nylium":20,"byg:brimstone_nether_quartz_ore":7,"byg:skyris_crafting_table":2,"byg:palm_log":75,"justenoughdrugz:lithium_ore":11,"orcz:orcagaric":8,"minecraft:birch_log":20,"minecraft:yellow_stained_glass_pane":2,"orcz:blue_orcshroom":3,"minecraft:oak_log":298,"botania:gray_double_flower":3,"minecraft:sand":606,"minecraft:dirt":399,"minecraft:dispenser":2,"minecraft:netherrack":32,"minecraft:oak_leaves":70,"create:crimsite":1,"minecraft:redstone_lamp":2,"minecraft:tuff":3,"minecraft:red_carpet":1,"minecraft:dark_oak_leaves":1,"minecraft:deepslate_diamond_ore":10,"minecraft:lever":4,"minecraft:ladder":3,"create:large_cogwheel":23,"minecraft:brick_stairs":2,"create:depot":14,"botania:orange_mushroom":1,"byg:maple_sapling":2,"minecraft:spruce_leaves":15,"minecraft:sandstone":10,"minecraft:hay_block":109,"minecraft:spore_blossom":2,"minecraft:furnace":9,"minecraft:carrots":1,"minecraft:stripped_spruce_log":1,"minecraft:black_concrete":181,"minecraft:gold_block":3,"minecraft:deepslate_iron_ore":57,"botania:livingrock":6,"botania:pure_daisy":2,"minecraft:stone":140,"minecraft:redstone_wall_torch":1,"farmersdelight:cooking_pot":1,"minecraft:podzol":2,"minecraft:flowering_azalea":2,"minecraft:red_wool":9,"minecraft:snow_block":2,"minecraft:crafting_table":23,"minecraft:stone_slab":2,"minecraft:lapis_ore":9,"botania:white_double_flower":1,"byg:witch_hazel_log":217,"minecraft:birch_planks":3,"minecraft:spruce_stairs":1,"supplementaries:urn":7,"farmersdelight:wild_beetroots":4,"botania:cyan_mystical_flower":1,"create:mechanical_harvester":1,"minecraft:redstone_torch":1,"minecraft:coal_ore":35,"evilcraft:blood_stain":1,"minecraft:ochre_froglight":26,"byg:palm_leaves":7,"minecraft:terracotta":5,"minecraft:polished_andesite":9},"minecraft:killed":{"orcz:goblinshield":3,"minecraft:skeleton":39,"minecraft:magma_cube":14,"orcz:goblinwerid":1,"kevin_trophy:blister_zombie":8,"minecraft:pillager":1,"minecraft:zombie":44,"orcz:bigorcboss":1,"untamedwilds:bison":2,"untamedwilds:snake":1,"orcz:orcsavage_2sword":1,"alexsmobs:raccoon":1,"alexsmobs:seagull":1,"minecraft:horse":1,"orcz:orcsavagemace":1,"rottencreatures:undead_miner":5,"minecraft:wandering_trader":1,"infernalexp:voline":2,"kevin_trophy:zombie_brute":2,"minecraft:witch":1,"minecraft:spider":42,"orcz:squig":4,"artifacts:mimic":3,"minecraft:pig":1,"orcz:goblinsavagemace":2,"untamedwilds:boar":1,"minecraft:creeper":21,"alexsmobs:crimson_mosquito":1,"minecraft:sheep":2,"minecraft:trader_llama":1,"betteranimalsplus:jellyfish":2,"orcz:snot":7,"orcz:orcshield":2,"minecraft:slime":7,"minecraft:drowned":4,"kevin_trophy:spitter_zombie":2,"betteranimalsplus:badger":1,"untamedwilds:king_crab":1,"minecraft:squid":8,"kevin_trophy:crawler_zombie":4,"orcz:goblin_2sword":2,"minecraft:wither_skeleton":5},"minecraft:crafted":{"minecraft:black_dye":12,"minecraft:smooth_stone":3,"minecraft:oak_sign":3,"croptopia:blackberry_seed":4,"minecraft:slime_block":7,"croptopia:raspberry_seed":5,"securitycraft:keypad_item":3,"create:vertical_gearbox":19,"minecraft:glass":2,"create:rotation_speed_controller":3,"create:mechanical_press":1,"minecraft:melon_seeds":7,"create:cogwheel":116,"create:rose_quartz":9,"croptopia:corn_seed":2,"croptopia:soybean_seed":3,"minecraft:copper_ingot":141,"create:mechanical_mixer":1,"create:gearbox":38,"create:encased_fan":1,"minecraft:iron_pickaxe":2,"minecraft:iron_block":1,"croptopia:tomatillo_seed":1,"minecraft:gold_ingot":147,"create:large_cogwheel":27,"create:propeller":1,"justenoughdrugz:baggie":1,"botania:apothecary_livingrock":1,"comforts:sleeping_bag_red":1,"create:wrench":1,"minecraft:iron_nugget":603,"croptopia:radish_seed":1,"minecraft:bone_meal":462,"byg:maple_sapling":1,"croptopia:bellpepper_seed":3,"justenoughdrugz:weed_edible":8,"minecraft:black_concrete_powder":88,"minecraft:ladder":3,"botania:white_petal":80,"minecraft:stone_pickaxe":7,"evilcraft:darkened_apple":2,"botania:light_blue_petal":2,"minecraft:redstone_block":12,"create:electron_tube":9,"minecraft:dark_oak_planks":32,"croptopia:sweetpotato_seed":4,"create:belt_connector":13,"minecraft:wheat":989,"minecraft:dried_kelp":82,"justenoughdrugz:gasoline":1,"create:goggles":1,"minecraft:red_bed":1,"sophisticatedbackpacks:gold_backpack":2,"create:mechanical_arm":1,"croptopia:mustard_seed":5,"minecraft:iron_shovel":11,"croptopia:blackbean_seed":1,"create:shaft":200,"minecraft:oak_planks":696,"minecraft:cobblestone_slab":30,"justenoughdrugz:blunt":2,"minecraft:barrel":33,"croptopia:greenbean_seed":5,"justenoughdrugz:cocaine_baggie":1,"create:mechanical_harvester":3,"minecraft:stone":27,"croptopia:cabbage_seed":3,"croptopia:celery_seed":3,"minecraft:heavy_weighted_pressure_plate":3,"byg:witch_hazel_planks":256,"create:deployer":1,"croptopia:kale_seed":1,"croptopia:cauliflower_seed":1,"tombstone:grave_key":1,"justenoughdrugz:refined_oil":9,"minecraft:chest":8,"minecraft:stone_hoe":1,"create:brass_hand":1,"minecraft:oak_slab":6,"botania:cyan_petal":2,"create:depot":2,"croptopia:tea_seed":2,"sophisticatedbackpacks:backpack":2,"minecraft:crafting_table":12,"minecraft:spruce_planks":160,"create:fluid_pipe":4,"minecraft:wooden_pickaxe":2,"create:sand_paper":3,"minecraft:birch_planks":76,"minecraft:pumpkin_seeds":4,"byg:palm_planks":292,"minecraft:paper":6,"create:water_wheel":12,"minecraft:shield":2,"create:mechanical_pump":1,"sophisticatedbackpacks:diamond_backpack":1,"minecraft:stick":192,"byg:maple_crafting_table":10,"byg:maple_planks":200,"minecraft:iron_ingot":275,"minecraft:stone_sword":1,"botania:apothecary_default":2,"croptopia:chile_pepper_seed":5,"croptopia:rutabaga_seed":3,"create:empty_blaze_burner":9,"minecraft:wooden_sword":1,"croptopia:apple_sapling":2,"minecraft:cookie":8,"minecraft:redstone":72,"minecraft:raw_iron":18,"byg:palm_sign":3,"farmersdelight:cooked_rice":5,"croptopia:pepper_seed":1,"byg:green_enchanted_sapling":1,"croptopia:strawberry_seed":1,"minecraft:furnace":3,"minecraft:stone_button":64,"minecraft:blast_furnace":1,"croptopia:blueberry_seed":3,"croptopia:broccoli_seed":5,"byg:maple_slab":60,"justenoughdrugz:dried_coca":5,"minecraft:flint_and_steel":2,"croptopia:cucumber_seed":1,"minecraft:iron_axe":5,"minecraft:slime_ball":36,"croptopia:oat_seed":2,"create:fluid_tank":27,"create:basin":1,"sophisticatedbackpacks:iron_backpack":2,"croptopia:onion_seed":5,"minecraft:bone_block":20,"create:andesite_alloy":224,"minecraft:iron_sword":4,"minecraft:bowl":24,"create:large_water_wheel":12,"croptopia:squash_seed":2,"minecraft:golden_shovel":2,"minecraft:bucket":3,"croptopia:spinach_seed":1,"minecraft:stone_axe":3,"minecraft:bread":390,"minecraft:air":0,"croptopia:rice_seed":5,"croptopia:barley_seed":11,"create:whisk":1,"croptopia:tomato_seed":2,"minecraft:gold_nugget":324,"create:mechanical_crafter":24,"justenoughdrugz:plastic":4,"croptopia:lettuce_seed":3,"create:mechanical_drill":10,"minecraft:acacia_planks":4,"create:zinc_ingot":179},"minecraft:dropped":{"minecraft:iron_sword":2,"minecraft:glass_bottle":4,"minecraft:diamond":5,"minecraft:spore_blossom":2,"botania:apothecary_default":2,"justenoughdrugz:unrefined_oil":2,"create:cogwheel":3,"create:incomplete_precision_mechanism":6,"byg:maple_crafting_table":10,"byg:lush_dirt":2,"sophisticatedbackpacks:gold_backpack":1,"minecraft:emerald":5,"minecraft:dirt":125,"botania:light_gray_mushroom":1,"minecraft:chain":8,"minecraft:gold_nugget":8,"minecraft:wooden_sword":1,"minecraft:sand":752,"minecraft:iron_pickaxe":1,"botania:light_blue_petal":1,"minecraft:dark_oak_planks":1,"minecraft:fermented_spider_eye":6,"iammusicplayer:parabolic_antenna":1,"minecraft:white_wool":2,"minecraft:bone":8,"minecraft:cobbled_deepslate":17,"minecraft:wheat":3,"minecraft:birch_sapling":9,"justenoughdrugz:weed_seed":121,"croptopia:oat_seed":1,"minecraft:rotten_flesh":34,"minecraft:oak_planks":1,"croptopia:greenbean_seed":1,"justenoughdrugz:coca":6,"byg:maple_log":1,"evilcraft:flesh_humanoid":10,"byg:maple_sapling":19,"croptopia:rice_seed":17,"croptopia:cantaloupe":1,"justenoughdrugz:weed_edible":7,"minecraft:ladder":1,"minecraft:leather_leggings":1,"croptopia:blackbean_seed":1,"minecraft:spruce_slab":1,"minecraft:glass":580,"minecraft:warped_wart_block":1,"botania:light_gray_mystical_flower":13,"minecraft:egg":1,"alexsmobs:mosquito_proboscis":2,"minecraft:enchanted_book":4,"minecraft:iron_ingot":189,"infernalexp:raw_hogchop":3,"minecraft:wheat_seeds":561,"minecraft:iron_helmet":1,"minecraft:feather":6,"minecraft:cobblestone":424,"botania:gray_mystical_flower":18,"orcz:orcagaric":10,"minecraft:granite":7,"minecraft:coal_block":13,"croptopia:celery_seed":2,"minecraft:ink_sac":3,"minecraft:rose_bush":1,"byg:anthracite":1,"justenoughdrugz:coca_seeds":26,"minecraft:dead_bush":1,"minecraft:dried_kelp":4,"byg:witch_hazel_log":153,"minecraft:pumpkin":1,"minecraft:white_banner":1,"byg:maple_slab":6,"alexsmobs:farseer_arm":2,"minecraft:string":34,"minecraft:spruce_sapling":3,"untamedwilds:food_turtle_cooked":2,"minecraft:furnace":1,"minecraft:bricks":1,"minecraft:stone_sword":2,"minecraft:cocoa_beans":1,"minecraft:bowl":9,"croptopia:blackberry_seed":2,"croptopia:raspberry_seed":4,"minecraft:clay_ball":52,"orcz:orcamanita":15,"minecraft:iron_boots":1,"minecraft:stone_slab":5,"minecraft:name_tag":4,"minecraft:oak_sign":3,"minecraft:cobblestone_slab":3,"supplementaries:quiver":6,"minecraft:stone":3,"botania:pure_daisy":6,"minecraft:allium":5,"artifacts:running_shoes":1,"minecraft:spruce_planks":6,"create:zinc_ingot":158,"betteranimalsplus:pheasant_egg":1,"minecraft:redstone_torch":4,"minecraft:barrel":1,"minecraft:spider_eye":11,"minecraft:bow":4,"untamedwilds:flora_junegrass":1,"waystones:waystone":1,"orcz:orchorn":3,"create:vertical_gearbox":1,"minecraft:warped_fungus":36,"alexsmobs:banana_slug_slime":1,"minecraft:oak_log":1,"minecraft:ender_pearl":5,"botania:black_mystical_flower":6,"botania:cyan_petal":1,"byg:white_anemone":1,"orcz:blue_orcshroom":5,"minecraft:leather":6,"croptopia:chile_pepper_seed":3,"minecraft:flint":101,"minecraft:redstone_lamp":17,"byg:maple_planks":22,"minecraft:netherite_scrap":1,"minecraft:black_concrete":13,"botania:white_petal":80,"croptopia:calamari":1,"croptopia:cantaloupe_seed":3,"minecraft:gold_ingot":121,"byg:palm_planks":48,"minecraft:gravel":2005,"byg:witch_hazel_sapling":92,"botania:apothecary_livingrock":1,"justenoughdrugz:plastic":2,"byg:witch_hazel_planks":187,"minecraft:cooked_mutton":1,"orcz:orcshroom":8,"sophisticatedbackpacks:diamond_backpack":2,"minecraft:chainmail_chestplate":2,"justenoughdrugz:cocaine_baggie":2,"minecraft:poppy":2,"minecraft:leather_chestplate":2,"supplementaries:ash":15,"minecraft:gunpowder":6,"minecraft:ochre_froglight":25,"minecraft:beetroot_seeds":2,"minecraft:azalea":5,"minecraft:chainmail_boots":1,"create:brass_ingot":54,"minecraft:iron_bars":2,"botania:blue_mystical_flower":2,"minecraft:arrow":49,"create:andesite_alloy":27,"minecraft:oak_leaves":16,"minecraft:netherrack":4,"untamedwilds:flora_eelgrass":2,"minecraft:bread":40,"minecraft:prismarine_shard":2,"botania:light_gray_double_flower":2,"minecraft:observer":2,"croptopia:raspberry":2,"minecraft:copper_ingot":153,"minecraft:spruce_stairs":1,"minecraft:stick":169,"tombstone:grave_key":6,"minecraft:repeater":10,"byg:soapstone":1,"minecraft:flowering_azalea":2,"minecraft:bucket":4,"botania:light_blue_double_flower":2,"minecraft:dandelion":1,"justenoughdrugz:blunt":1,"minecraft:kelp":41,"alexsmobs:maggot":24,"create:shaft":3,"croptopia:cashew":1,"minecraft:tuff":6,"byg:green_enchanted_sapling":1,"minecraft:flint_and_steel":1,"minecraft:filled_map":2,"orcz:orcteeth":10,"minecraft:andesite":3,"orcz:squigs_claws":4,"minecraft:oak_sapling":23,"minecraft:stone_pickaxe":1,"minecraft:wooden_pickaxe":3,"minecraft:brick":3,"create:golden_sheet":2}},"DataVersion":3120}