{"stats":{"minecraft:picked_up":{"betteranimalsplus:calamari_raw":3,"minecraft:wheat":128,"justenoughdrugz:coca_seeds":13,"minecraft:redstone_block":1,"minecraft:suspicious_stew":1,"minecraft:smithing_table":3,"minecraft:stone_slab":56,"minecraft:diamond_sword":1,"minecraft:wither_rose":1,"minecraft:enchanted_book":1,"croptopia:calamari":4,"minecraft:brewing_stand":2,"botania:light_blue_double_flower":2,"farmersdelight:cutting_board":1,"minecraft:string":12,"croptopia:lettuce":2,"minecraft:raw_copper":11,"alexsmobs:ancient_dart":1,"betteranimalsplus:venisoncooked":3,"minecraft:experience_bottle":23,"minecraft:sea_pickle":5,"minecraft:bucket":5,"minecraft:spruce_planks":86,"minecraft:written_book":2,"minecraft:cobblestone_slab":2,"minecraft:azalea":5,"minecraft:iron_pickaxe":3,"minecraft:smooth_quartz":3,"minecraft:furnace":9,"minecraft:stick":160,"croptopia:blackbean":3,"mcwfurnitures:stripped_birch_counter":12,"minecraft:torch":24,"minecraft:green_bed":8,"minecraft:porkchop":4,"tombstone:grave_dust":9,"infernalexp:raw_hogchop":1,"minecraft:cauldron":15,"botania:white_mystical_flower":7,"minecraft:stone_sword":2,"minecraft:rotten_flesh":7,"croptopia:persimmon":2,"botania:light_gray_mystical_flower":13,"farmersdelight:onion":6,"orcz:orcshroom":2,"create:veridium":12,"supplementaries:quiver":2,"supplementaries:ash":1,"untamedwilds:flora_yarrow":1,"iammusicplayer:boombox":3,"minecraft:snowball":6,"minecraft:cobblestone":2718,"croptopia:cauliflower":1,"minecraft:birch_log":142,"minecraft:feather":1,"minecraft:cooked_beef":12,"minecraft:repeater":3,"farmersdelight:rice":2,"minecraft:birch_slab":2,"croptopia:nectarine":12,"minecraft:brown_wool":3,"minecraft:chiseled_quartz_block":5,"minecraft:potato":18,"minecraft:flint":41,"minecraft:light_gray_dye":2,"create:raw_zinc":31,"byg:white_puffball_cap":2,"evilcraft:flesh_humanoid":2,"minecraft:map":3,"minecraft:gray_concrete":18,"minecraft:dirt":4156,"minecraft:stripped_birch_log":42,"minecraft:lantern":2,"minecraft:gray_concrete_powder":69,"untamedwilds:flora_junegrass":1,"untamedwilds:food_turtle_raw":6,"simplyhotsprings:hot_spring_water_bucket":1,"minecraft:glass":290,"minecraft:bone":49,"minecraft:bow":2,"minecraft:wheat_seeds":284,"minecraft:bell":1,"camera:image":8,"croptopia:roe":2,"botania:gray_mystical_flower":36,"minecraft:oak_planks":184,"croptopia:lime":9,"duckling:duck_egg":11,"croptopia:chile_pepper_seed":2,"justenoughdrugz:plastic":2,"croptopia:plum":4,"patchouli:guide_book":1,"minecraft:stripped_acacia_wood":3,"minecraft:sand":1006,"minecraft:ink_sac":11,"minecraft:grass_block":1,"minecraft:fermented_spider_eye":2,"minecraft:red_terracotta":12,"alexsmobs:animal_dictionary":3,"securitycraft:universal_block_remover":3,"croptopia:chile_pepper":1,"minecraft:bundle":1,"croptopia:cherry":24,"minecraft:dispenser":1,"betteranimalsplus:pheasantcooked":13,"minecraft:diamond":6,"minecraft:spruce_boat":2,"minecraft:lever":10,"waystones:waystone":7,"minecraft:writable_book":2,"alexsmobs:banana_slug_slime":2,"minecraft:white_concrete":13,"betteranimalsplus:fried_egg":2,"minecraft:bread":139,"create:framed_glass_door":4,"minecraft:oak_sapling":147,"minecraft:bricks":1,"croptopia:toast":53,"sophisticatedbackpacks:gold_backpack":1,"minecraft:charcoal":5,"minecraft:crafting_table":8,"byg:soapstone":5,"minecraft:azure_bluet":10,"minecraft:clay_ball":12,"minecraft:redstone_lamp":1,"byg:tall_pink_allium":1,"minecraft:stone_brick_wall":3,"minecraft:shield":1,"untamedwilds:food_turtle_cooked":20,"aquamirae:sharp_bones":1,"minecraft:flint_and_steel":1,"camera:image_frame":5,"minecraft:netherite_scrap":2,"minecraft:iron_shovel":1,"croptopia:pear":8,"supplementaries:bomb":4,"minecraft:cartography_table":2,"minecraft:candle":2,"croptopia:avocado":12,"minecraft:beef":21,"croptopia:pepper_seed":3,"justenoughdrugz:weed_seed":133,"minecraft:iron_nugget":12,"minecraft:sugar_cane":84,"minecraft:chest":5,"minecraft:birch_sapling":54,"duckling:raw_duck":1,"minecraft:raw_iron":10,"mcwfurnitures:stripped_birch_double_wardrobe":6,"croptopia:blackbean_seed":1,"untamedwilds:flora_bush_temperate":2,"farmersdelight:tomato_seeds":3,"minecraft:carrot":9,"minecraft:redstone":37,"create:zinc_ingot":23,"minecraft:dark_oak_planks":1,"botania:black_lotus":1,"securitycraft:alarm":9,"minecraft:arrow":40,"minecraft:peony":1,"minecraft:nether_bricks":1,"iammusicplayer:parabolic_antenna":1,"minecraft:hay_block":39,"tombstone:essence_of_undeath":1,"croptopia:pepper":1,"croptopia:salt":5,"byg:white_puffball_spores":4,"mcwfurnitures:stripped_birch_stool_chair":2,"minecraft:skeleton_skull":3,"minecraft:oxeye_daisy":7,"minecraft:stripped_oak_log":1,"minecraft:air":0,"minecraft:golden_carrot":3,"minecraft:salmon":1,"minecraft:leather":42,"minecraft:red_mushroom":1,"minecraft:ochre_froglight":2,"minecraft:filled_map":1,"minecraft:oak_log":809,"minecraft:cobblestone_wall":1,"minecraft:gunpowder":1,"farmersdelight:skillet":1,"minecraft:paper":6,"untamedwilds:spawn_tortoise":4,"farmersdelight:organic_compost":12,"croptopia:barley":2,"minecraft:apple":46,"untamedwilds:material_fat":18,"minecraft:spore_blossom":2,"minecraft:iron_ingot":56,"artifacts:whoopee_cushion":1,"artifacts:kitty_slippers":1,"infinitybuttons:gravel_button":192,"minecraft:flowering_azalea":2,"minecraft:book":73,"minecraft:oak_slab":160,"croptopia:cauliflower_seed":1,"croptopia:apricot":1,"minecraft:birch_boat":3,"minecraft:pumpkin":9,"minecraft:sweet_berries":121,"croptopia:starfruit":9,"minecraft:quartz":1,"minecraft:dandelion":4,"minecraft:gravel":401,"justenoughdrugz:unrefined_oil":16,"minecraft:spruce_sapling":46,"minecraft:blast_furnace":1,"minecraft:white_bed":14,"minecraft:spruce_log":202,"minecraft:spider_eye":2,"minecraft:leather_helmet":2,"artifacts:helium_flamingo":2,"betteranimalsplus:eel_meat_raw":4,"minecraft:diamond_shovel":1,"minecraft:white_concrete_powder":1,"croptopia:orange":20,"minecraft:iron_helmet":2,"minecraft:terracotta":5,"minecraft:baked_potato":9,"tombstone:magic_scroll":2,"minecraft:coal":101,"minecraft:ender_pearl":1},"minecraft:custom":{"minecraft:interact_with_crafting_table":225,"minecraft:open_barrel":56,"minecraft:leave_game":25,"minecraft:time_since_death":118509,"minecraft:sprint_one_cm":3514049,"minecraft:damage_blocked_by_shield":995,"minecraft:drop":171,"minecraft:talked_to_villager":5,"minecraft:play_time":1497717,"minecraft:deaths":28,"minecraft:jump":19725,"minecraft:interact_with_brewingstand":3,"minecraft:walk_on_water_one_cm":87350,"minecraft:interact_with_furnace":392,"minecraft:traded_with_villager":2,"minecraft:interact_with_cartography_table":4,"minecraft:sleep_in_bed":107,"minecraft:waystone_activated":8,"minecraft:damage_dealt":16123,"minecraft:crouch_one_cm":239915,"tombstone:undead_killed":54,"minecraft:inspect_dropper":1,"minecraft:mob_kills":84,"minecraft:climb_one_cm":12827,"minecraft:walk_one_cm":3779380,"minecraft:sneak_time":72735,"minecraft:walk_under_water_one_cm":193665,"minecraft:boat_one_cm":98749,"minecraft:interact_with_blast_furnace":2,"minecraft:total_world_time":1497717,"minecraft:interact_with_stonecutter":48,"minecraft:time_since_rest":19,"minecraft:damage_taken":24871,"minecraft:swim_one_cm":1150974,"minecraft:fly_one_cm":4701783,"minecraft:open_chest":588,"minecraft:fall_one_cm":435665},"minecraft:killed_by":{"minecraft:creeper":1,"minecraft:zombie":3,"alexsmobs:farseer":1,"betteranimalsplus:boar":2,"betteranimalsplus:shark":1,"minecraft:skeleton":10,"minecraft:phantom":3,"creeperoverhaul:spruce_creeper":3},"minecraft:used":{"mcwfurnitures:stripped_birch_counter":22,"minecraft:writable_book":5,"minecraft:light_gray_stained_glass_pane":623,"croptopia:calamari":1,"minecraft:poppy":1,"minecraft:white_concrete_powder":99,"mcwfurnitures:stripped_birch_stool_chair":6,"minecraft:chest":54,"minecraft:shield":20,"minecraft:stone":1390,"untamedwilds:spawn_tortoise":4,"iammusicplayer:boombox":3,"betteranimalsplus:pheasantcooked":13,"minecraft:snowball":6,"betteranimalsplus:calamari_raw":3,"minecraft:spruce_boat":1,"minecraft:black_stained_glass_pane":34,"minecraft:lantern":5,"minecraft:iron_helmet":1,"minecraft:gray_concrete_powder":593,"minecraft:birch_trapdoor":2,"farmersdelight:cutting_board":4,"minecraft:sweet_berries":72,"minecraft:written_book":1,"minecraft:furnace":10,"untamedwilds:food_turtle_cooked":4,"croptopia:roe":2,"minecraft:potato":8,"securitycraft:alarm":3,"untamedwilds:flora_yarrow":1,"minecraft:stone_pickaxe":228,"minecraft:oak_planks":2044,"untamedwilds:food_turtle_raw":2,"minecraft:wooden_pickaxe":19,"minecraft:sugar_cane":4,"iammusicplayer:music_manager":1,"minecraft:sand":28,"minecraft:crossbow":4,"securitycraft:universal_block_remover":3,"minecraft:stone_brick_wall":143,"minecraft:gray_concrete":18,"minecraft:ochre_froglight":2,"croptopia:orange":14,"croptopia:plum":3,"waystones:waystone":1,"minecraft:lever":4,"minecraft:birch_slab":17,"minecraft:bread":43,"tombstone:grave_key":2,"minecraft:oak_pressure_plate":4,"minecraft:gravel":26,"betteranimalsplus:eel_meat_raw":1,"croptopia:toast":152,"minecraft:diamond_sword":133,"minecraft:birch_log":42,"minecraft:chain":1,"create:framed_glass_door":12,"minecraft:white_concrete":104,"minecraft:bone_meal":27,"mcwfurnitures:stripped_birch_modern_wardrobe":4,"minecraft:experience_bottle":11,"camera:image_frame":21,"create:framed_glass":1,"minecraft:stone_sword":427,"minecraft:flint_and_steel":1,"minecraft:stone_shovel":921,"minecraft:redstone":3,"minecraft:spruce_planks":35,"minecraft:stone_hoe":79,"minecraft:torch":59,"minecraft:dirt":2783,"simplyhotsprings:hot_spring_water_bucket":3,"minecraft:cobblestone_wall":1,"minecraft:flowering_azalea":2,"minecraft:bookshelf":13,"minecraft:light_gray_stained_glass":92,"evilcraft:flesh_humanoid":1,"croptopia:persimmon":2,"minecraft:golden_carrot":3,"minecraft:beef":6,"duckling:duck_egg":9,"simplytools:stone_excavator":3923,"tombstone:gift":4,"minecraft:cooked_beef":6,"minecraft:pumpkin":3,"betteranimalsplus:venisoncooked":3,"minecraft:wheat_seeds":79,"minecraft:water_bucket":357,"mcwfurnitures:stripped_birch_double_wardrobe":10,"farmersdelight:skillet":2,"minecraft:baked_potato":12,"minecraft:cartography_table":2,"croptopia:apricot":1,"minecraft:birch_boat":3,"minecraft:stonecutter":1,"minecraft:green_bed":8,"minecraft:cobblestone_slab":4,"minecraft:salmon":1,"minecraft:oak_slab":1533,"minecraft:crafting_table":16,"croptopia:cherry":4,"supplementaries:bomb":3,"minecraft:white_bed":16,"minecraft:campfire":2,"minecraft:apple":58,"minecraft:diamond_shovel":61,"minecraft:iron_pickaxe":378,"minecraft:stone_slab":651,"minecraft:spruce_trapdoor":8,"simplytools:stone_hammer":2516,"minecraft:stone_axe":1455,"minecraft:cobblestone":22,"untamedwilds:egg_tortoise":40,"minecraft:cooked_porkchop":2,"minecraft:bucket":376,"minecraft:wither_rose":1,"minecraft:candle":2},"minecraft:mined":{"minecraft:spruce_planks":8,"orcz:orcamanita":2,"minecraft:white_bed":13,"sophisticatedbackpacks:gold_backpack":1,"minecraft:brewing_stand":1,"minecraft:stone_brick_wall":3,"minecraft:grass_block":1334,"minecraft:white_concrete":109,"iammusicplayer:boombox":2,"minecraft:oxeye_daisy":7,"botania:light_gray_mystical_flower":14,"minecraft:spawner":12,"minecraft:iron_ore":8,"minecraft:fire":2,"minecraft:pumpkin":6,"minecraft:azure_bluet":10,"minecraft:water_cauldron":5,"minecraft:dirt_path":92,"create:veridium":6,"minecraft:green_bed":6,"farmersdelight:organic_compost":6,"minecraft:clay":2,"minecraft:torch":9,"minecraft:chiseled_quartz_block":7,"minecraft:blast_furnace":1,"create:framed_glass":1,"minecraft:chest":5,"supplementaries:wild_flax":1,"minecraft:cobblestone":22,"minecraft:oak_planks":141,"minecraft:sugar_cane":40,"minecraft:wall_torch":3,"minecraft:skeleton_skull":3,"croptopia:nectarine_crop":6,"minecraft:repeater":2,"byg:soapstone":5,"minecraft:birch_log":148,"farmersdelight:cutting_board":1,"minecraft:light_gray_stained_glass":5,"minecraft:grass":36,"minecraft:oak_log":805,"croptopia:salt_ore":2,"byg:blueberry_bush":1,"minecraft:dirt":1997,"minecraft:smooth_quartz":4,"minecraft:sand":926,"minecraft:dispenser":1,"mcwfurnitures:stripped_birch_counter":12,"minecraft:oak_leaves":72,"minecraft:redstone_lamp":2,"create:zinc_ore":29,"minecraft:light_gray_stained_glass_pane":22,"untamedwilds:flora_junegrass":1,"minecraft:candle":2,"farmersdelight:wild_carrots":9,"minecraft:stripped_birch_log":42,"minecraft:lever":3,"minecraft:spruce_leaves":102,"minecraft:birch_slab":2,"minecraft:cartography_table":2,"minecraft:white_concrete_powder":2,"minecraft:large_fern":1,"minecraft:hay_block":29,"untamedwilds:flora_yarrow":1,"minecraft:furnace":9,"justenoughdrugz:oil_ore":12,"minecraft:snow":7,"minecraft:peony":1,"minecraft:bell":1,"minecraft:bookshelf":3,"minecraft:lantern":2,"minecraft:stripped_oak_log":1,"botania:light_blue_double_flower":1,"minecraft:stone":2331,"byg:white_puffball":1,"minecraft:podzol":12,"minecraft:smithing_table":1,"minecraft:oak_slab":144,"minecraft:gray_concrete":18,"croptopia:lettuce_crop":1,"minecraft:dandelion":1,"minecraft:crafting_table":9,"create:framed_glass_door":4,"minecraft:stone_slab":54,"minecraft:copper_ore":9,"minecraft:tall_grass":3,"untamedwilds:block_burrow":1,"minecraft:red_terracotta":13,"farmersdelight:skillet":1,"minecraft:gray_concrete_powder":21,"minecraft:cobblestone_wall":1,"minecraft:sea_pickle":2,"minecraft:sweet_berry_bush":4,"minecraft:ice":2,"minecraft:spruce_log":206,"minecraft:birch_leaves":3,"mcwfurnitures:stripped_birch_stool_chair":2,"mcwfurnitures:stripped_birch_double_wardrobe":6,"botania:white_mystical_flower":7,"minecraft:coal_ore":92,"minecraft:ochre_froglight":2,"minecraft:gravel":275,"botania:gray_mystical_flower":18,"minecraft:terracotta":5,"minecraft:stripped_acacia_wood":3,"byg:brown_oak_leaves":2,"minecraft:fern":3},"minecraft:broken":{"simplytools:stone_hammer":12,"minecraft:stone_pickaxe":1,"minecraft:stone_axe":13,"minecraft:stone_shovel":7,"minecraft:stone_sword":1,"simplytools:stone_excavator":20,"minecraft:iron_pickaxe":1,"minecraft:iron_helmet":2},"minecraft:killed":{"minecraft:spider":11,"minecraft:skeleton":26,"minecraft:pig":1,"minecraft:creeper":3,"kevin_trophy:blister_zombie":2,"untamedwilds:tortoise":2,"minecraft:zombie":23,"minecraft:cow":4,"mca:male_zombie_villager":1,"betteranimalsplus:boar":2,"betteranimalsplus:shark":1,"duckling:duck":1,"minecraft:squid":2,"kevin_trophy:crawler_zombie":1,"kevin_trophy:zombie_brute":1,"minecraft:enderman":1},"minecraft:crafted":{"minecraft:brick":4,"minecraft:black_dye":3,"minecraft:oak_planks":3112,"iammusicplayer:music_manager":1,"minecraft:cobblestone_slab":12,"minecraft:oak_pressure_plate":4,"minecraft:birch_boat":1,"alexsmobs:banana_peel":2,"minecraft:chain":1,"minecraft:birch_slab":36,"croptopia:toast":117,"minecraft:stone":1834,"botania:gray_petal":72,"minecraft:bookshelf":13,"create:framed_glass_door":8,"minecraft:glass":142,"simplytools:stone_hammer":13,"minecraft:chest":52,"mcwfurnitures:cabinet_door":3,"minecraft:stone_hoe":1,"botania:light_gray_petal":16,"minecraft:oak_slab":1400,"minecraft:cooked_porkchop":2,"minecraft:crafting_table":8,"minecraft:spruce_planks":188,"minecraft:wooden_pickaxe":1,"minecraft:baked_potato":7,"farmersdelight:egg_sandwich":1,"minecraft:spruce_door":6,"mcwfurnitures:stripped_birch_counter":18,"minecraft:birch_planks":216,"minecraft:campfire":3,"farmersdelight:skillet":1,"farmersdelight:cutting_board":3,"minecraft:spruce_trapdoor":8,"minecraft:paper":63,"mcwfurnitures:stripped_birch_double_wardrobe":4,"minecraft:charcoal":28,"camera:camera":1,"minecraft:stone_slab":126,"create:framed_glass":1,"minecraft:birch_fence":9,"minecraft:stick":212,"minecraft:iron_ingot":4,"minecraft:iron_pickaxe":1,"minecraft:stone_sword":3,"byg:rainbow_eucalyptus_sapling":1,"minecraft:light_gray_dye":17,"minecraft:light_gray_stained_glass_pane":656,"minecraft:oak_door":3,"minecraft:stone_shovel":7,"minecraft:stone_brick_wall":65,"simplytools:stone_excavator":20,"minecraft:light_gray_stained_glass":344,"minecraft:iron_nugget":36,"croptopia:pepper_seed":1,"minecraft:furnace":1,"minecraft:stone_button":4,"minecraft:gray_dye":72,"minecraft:bone_meal":33,"minecraft:glass_pane":16,"minecraft:lantern":3,"minecraft:spruce_wood":3,"botania:white_petal":4,"minecraft:stone_pickaxe":2,"minecraft:cobblestone_wall":1,"minecraft:spruce_boat":1,"simplytools:stone_excavator_head":21,"minecraft:wheat":253,"minecraft:cooked_beef":3,"mcwfurnitures:stripped_birch_stool_chair":4,"minecraft:gray_concrete_powder":464,"simplytools:stone_hammer_head":13,"minecraft:stone_axe":14,"minecraft:bread":126,"minecraft:air":0,"minecraft:black_stained_glass":24,"mcwfurnitures:stripped_birch_modern_wardrobe":4,"minecraft:white_dye":4,"minecraft:birch_trapdoor":2,"minecraft:black_stained_glass_pane":48,"minecraft:stonecutter":1,"camera:image_frame":17,"minecraft:torch":52},"minecraft:dropped":{"alexsmobs:banana_slug_slime":1,"minecraft:cooked_beef":9,"minecraft:oak_log":32,"minecraft:ender_pearl":1,"minecraft:diamond":2,"justenoughdrugz:unrefined_oil":4,"minecraft:leather_helmet":1,"farmersdelight:rice":1,"minecraft:dirt":899,"minecraft:netherite_scrap":1,"minecraft:writable_book":1,"minecraft:sand":100,"farmersdelight:egg_sandwich":1,"betteranimalsplus:eel_meat_raw":1,"croptopia:calamari":1,"minecraft:gray_dye":7,"minecraft:gravel":4,"minecraft:sugar_cane":3,"minecraft:lever":6,"justenoughdrugz:plastic":2,"croptopia:toast":14,"alexsmobs:animal_dictionary":1,"minecraft:wheat":1,"minecraft:birch_sapling":1,"justenoughdrugz:weed_seed":131,"minecraft:oak_planks":30,"orcz:orcshroom":2,"patchouli:guide_book":2,"artifacts:helium_flamingo":1,"minecraft:written_book":2,"botania:light_gray_mystical_flower":5,"minecraft:iron_ingot":8,"minecraft:bread":29,"minecraft:wheat_seeds":148,"minecraft:smithing_table":1,"croptopia:blackbean":1,"untamedwilds:food_turtle_raw":1,"croptopia:orange":6,"minecraft:cobblestone":327,"artifacts:whoopee_cushion":1,"byg:white_puffball_cap":1,"minecraft:grass_block":1,"minecraft:lava_bucket":1,"minecraft:ink_sac":4,"tombstone:grave_dust":1,"justenoughdrugz:coca_seeds":13,"minecraft:string":1,"minecraft:bucket":3,"minecraft:spruce_sapling":3,"minecraft:dandelion":4,"untamedwilds:food_turtle_cooked":4,"minecraft:redstone":16,"minecraft:sweet_berries":1,"minecraft:stone_sword":1,"botania:light_gray_petal":16,"minecraft:raw_iron":3,"minecraft:experience_bottle":12,"minecraft:clay_ball":4,"minecraft:flint_and_steel":1,"securitycraft:universal_block_remover":3,"minecraft:filled_map":1,"minecraft:hay_block":10,"minecraft:spruce_planks":6,"minecraft:oak_sapling":2,"minecraft:blue_orchid":2,"waystones:waystone":1,"securitycraft:alarm":6}},"DataVersion":3120}