{"stats":{"minecraft:picked_up":{"minecraft:iron_chestplate":4,"minecraft:chainmail_boots":1,"minecraft:diamond_sword":2,"minecraft:string":20,"evilcraft:ender_tear":1,"minecraft:iron_leggings":1,"minecraft:shroomlight":4,"minecraft:diamond_leggings":1,"untamedwilds:material_snake_skin":1,"minecraft:spruce_planks":7,"croptopia:blueberry":1,"minecraft:golden_helmet":1,"minecraft:tipped_arrow":5,"justenoughdrugz:weed":23,"minecraft:stick":12,"minecraft:acacia_log":31,"minecraft:torch":26,"botania:yellow_mystical_flower":1,"minecraft:porkchop":12,"tombstone:grave_dust":14,"orcz:palisadedarkoak":1,"botania:white_mystical_flower":2,"minecraft:quartz_block":3,"farmersdelight:fried_egg":2,"minecraft:rotten_flesh":22,"croptopia:persimmon":10,"infernalexp:cooked_hogchop":9,"orcz:orcshroom":1,"supplementaries:quiver":1,"supplementaries:ash":2,"minecraft:music_disc_wait":1,"minecraft:iron_bars":25,"iammusicplayer:boombox":1,"minecraft:cobblestone":40,"croptopia:apple_sapling":1,"orcz:orcteeth":30,"croptopia:nectarine":5,"minecraft:black_bed":1,"minecraft:golden_leggings":1,"untamedwilds:hide_bear_black":2,"croptopia:walnut":1,"croptopia:blueberry_seed":2,"farmersdelight:tomato":1,"minecraft:dirt":10,"minecraft:name_tag":4,"minecraft:bone":116,"minecraft:chipped_anvil":2,"minecraft:acacia_planks":21,"iammusicplayer:radio_antenna":1,"minecraft:bow":7,"minecraft:wheat_seeds":4,"byg:blueberries":3,"minecraft:diamond_helmet":2,"minecraft:mossy_stone_bricks":8,"minecraft:oak_planks":85,"minecraft:mossy_stone_brick_stairs":2,"minecraft:stripped_acacia_wood":1,"minecraft:nether_brick_stairs":3,"minecraft:diamond_block":1,"minecraft:fermented_spider_eye":1,"minecraft:dark_oak_log":5,"minecraft:mossy_cobblestone":12,"minecraft:bundle":1,"croptopia:cherry":3,"byg:aspen_log":16,"tombstone:familiar_stone":1,"minecraft:diamond":2,"minecraft:spruce_boat":2,"minecraft:golden_horse_armor":2,"minecraft:bread":2,"minecraft:oak_sapling":14,"minecraft:netherrack":1,"minecraft:crafting_table":14,"minecraft:clay_ball":12,"croptopia:peach":12,"minecraft:leather_leggings":1,"minecraft:gold_block":1,"minecraft:cornflower":1,"minecraft:iron_shovel":1,"minecraft:cracked_stone_bricks":1,"minecraft:beef":31,"minecraft:oak_boat":5,"justenoughdrugz:weed_seed":77,"minecraft:light_gray_wool":1,"minecraft:phantom_membrane":1,"minecraft:egg":1,"minecraft:raw_iron":1,"croptopia:rhubarb_seed":1,"farmersdelight:tomato_seeds":1,"orcz:orchorn":2,"minecraft:carrot":1,"minecraft:arrow":58,"minecraft:diamond_boots":1,"byg:aspen_planks":6,"croptopia:rhubarb":1,"minecraft:gold_ingot":32,"byg:white_puffball_spores":2,"minecraft:leather":66,"minecraft:acacia_wood":4,"minecraft:filled_map":1,"minecraft:oak_log":71,"minecraft:chainmail_chestplate":2,"minecraft:gunpowder":8,"untamedwilds:spawn_tortoise":4,"minecraft:apple":116,"untamedwilds:material_fat":34,"minecraft:iron_ingot":26,"tombstone:bag_of_seeds":1,"minecraft:acacia_sapling":5,"sophisticatedbackpacks:diamond_backpack":1,"minecraft:book":63,"minecraft:pumpkin":9,"croptopia:apricot":3,"minecraft:chiseled_stone_bricks":1,"minecraft:gravel":2,"minecraft:white_bed":1,"minecraft:spruce_log":10,"minecraft:spider_eye":7,"minecraft:diamond_shovel":2,"croptopia:lemon":3,"croptopia:orange":1,"byg:tall_allium":2,"minecraft:chainmail_leggings":1,"minecraft:iron_helmet":1,"minecraft:mossy_cobblestone_stairs":1,"tombstone:magic_scroll":1,"minecraft:acacia_slab":7,"minecraft:melon_seeds":1,"minecraft:coal":31,"minecraft:ender_pearl":6},"minecraft:custom":{"minecraft:interact_with_crafting_table":63,"minecraft:open_barrel":1,"minecraft:eat_cake_slice":3,"minecraft:leave_game":23,"minecraft:time_since_death":201953,"minecraft:damage_resisted":129,"minecraft:sprint_one_cm":1034491,"minecraft:damage_blocked_by_shield":4363,"minecraft:drop":118,"minecraft:play_time":357272,"minecraft:deaths":8,"minecraft:jump":5323,"minecraft:walk_on_water_one_cm":45771,"minecraft:interact_with_furnace":53,"minecraft:sleep_in_bed":1,"minecraft:waystone_activated":6,"minecraft:damage_dealt":39822,"minecraft:crouch_one_cm":24018,"tombstone:undead_killed":111,"minecraft:interact_with_smoker":12,"minecraft:horse_one_cm":1594426,"minecraft:interact_with_anvil":5,"minecraft:mob_kills":181,"minecraft:climb_one_cm":15130,"minecraft:walk_one_cm":984621,"minecraft:sneak_time":7803,"minecraft:walk_under_water_one_cm":31440,"minecraft:boat_one_cm":203487,"minecraft:total_world_time":357272,"minecraft:pot_flower":1,"minecraft:time_since_rest":201980,"minecraft:damage_taken":9248,"minecraft:damage_absorbed":215,"minecraft:swim_one_cm":2789,"minecraft:fly_one_cm":1167409,"minecraft:open_chest":167,"minecraft:fall_one_cm":183656},"minecraft:killed_by":{"minecraft:creeper":1,"minecraft:zombie":1,"kevin_trophy:zombie_brute":1,"minecraft:stray":1,"minecraft:skeleton":2,"minecraft:phantom":2},"minecraft:used":{"minecraft:iron_shovel":4,"minecraft:oak_sign":1,"minecraft:chest":2,"minecraft:shield":73,"untamedwilds:spawn_tortoise":3,"minecraft:iron_chestplate":3,"iammusicplayer:boombox":1,"orcz:orcshroom":1,"byg:aspen_planks":64,"minecraft:acacia_sapling":1,"minecraft:spruce_boat":2,"farmersdelight:tomato":1,"minecraft:quartz_block":2,"minecraft:iron_helmet":1,"croptopia:peach":1,"minecraft:dark_oak_boat":1,"minecraft:furnace":3,"minecraft:oak_sapling":6,"minecraft:acacia_fence":18,"untamedwilds:material_fat":8,"botania:white_mystical_flower":2,"minecraft:mossy_stone_bricks":5,"minecraft:oak_planks":175,"minecraft:ender_pearl":1,"minecraft:mossy_stone_brick_stairs":1,"minecraft:golden_apple":7,"minecraft:crossbow":4,"minecraft:black_bed":1,"croptopia:orange":1,"croptopia:nectarine":5,"orcz:orcteeth_tool_sword":20,"byg:blueberries":3,"minecraft:dark_oak_log":2,"minecraft:bread":6,"minecraft:gravel":2,"minecraft:diamond_sword":830,"justenoughdrugz:weed_seed":26,"minecraft:oak_boat":5,"minecraft:bone_meal":70,"minecraft:iron_bars":10,"minecraft:flint_and_steel":1,"minecraft:spruce_planks":17,"minecraft:torch":69,"minecraft:dirt":10,"minecraft:anvil":1,"orcz:palisadedarkoak":1,"minecraft:shroomlight":2,"minecraft:mossy_cobblestone_stairs":1,"minecraft:wooden_axe":52,"minecraft:dark_oak_planks":3,"byg:white_puffball_spores":2,"minecraft:chipped_anvil":1,"minecraft:iron_axe":181,"minecraft:acacia_slab":21,"minecraft:iron_boots":1,"minecraft:light_gray_wool":1,"croptopia:persimmon":10,"decorative_blocks:acacia_support":1,"tombstone:gift":6,"minecraft:acacia_wood":3,"minecraft:cooked_beef":23,"minecraft:acacia_planks":54,"minecraft:enchanted_golden_apple":1,"minecraft:iron_leggings":2,"farmersdelight:fried_egg":5,"tombstone:scroll_of_knowledge":2,"croptopia:lemon":3,"croptopia:walnut":1,"orcz:orcteeth_tool_pickaxe":85,"croptopia:apricot":3,"croptopia:rhubarb":1,"infernalexp:cooked_hogchop":9,"minecraft:mossy_cobblestone":9,"tombstone:scroll_of_feather_fall":3,"minecraft:crafting_table":21,"supplementaries:bomb":1,"croptopia:apple_sapling":6,"croptopia:cherry":3,"minecraft:white_bed":1,"minecraft:oak_log":2,"minecraft:flower_pot":1,"minecraft:diamond_pickaxe":61,"minecraft:apple":86,"minecraft:acacia_sign":3,"minecraft:acacia_fence_gate":1,"minecraft:cobblestone":13,"minecraft:potion":7,"minecraft:cooked_porkchop":17,"alexsmobs:animal_dictionary":1},"minecraft:broken":{"minecraft:iron_chestplate":1,"minecraft:iron_leggings":1,"minecraft:wooden_axe":1,"orcz:orcteeth_armor_armor_leggings":1,"minecraft:shield":1,"minecraft:iron_helmet":1},"minecraft:mined":{"croptopia:cantaloupe_crop":1,"minecraft:spruce_planks":7,"minecraft:white_bed":1,"minecraft:oak_sapling":2,"orcz:palisadedarkoak":1,"minecraft:acacia_log":31,"minecraft:grass_block":4,"iammusicplayer:boombox":1,"minecraft:spawner":11,"minecraft:iron_ore":1,"minecraft:fire":1,"minecraft:pumpkin":9,"minecraft:nether_brick_stairs":3,"croptopia:apple_crop":11,"minecraft:iron_bars":24,"minecraft:quartz_block":6,"minecraft:clay":4,"minecraft:torch":2,"minecraft:cobblestone":2,"minecraft:oak_planks":28,"minecraft:wall_torch":4,"minecraft:light_gray_wool":2,"minecraft:black_bed":1,"minecraft:stone_brick_stairs":2,"minecraft:smooth_stone_slab":1,"minecraft:grass":58,"minecraft:oak_log":71,"minecraft:dirt":6,"byg:blueberry_bush":1,"minecraft:oak_leaves":65,"byg:aspen_planks":3,"minecraft:mossy_cobblestone":8,"minecraft:dark_oak_log":5,"croptopia:persimmon_crop":1,"byg:aspen_log":17,"minecraft:acacia_slab":2,"minecraft:furnace":1,"minecraft:acacia_wood":1,"croptopia:blueberry_crop":1,"minecraft:mossy_stone_brick_stairs":3,"minecraft:bookshelf":22,"minecraft:vine":1,"croptopia:rhubarb_crop":1,"minecraft:shroomlight":4,"minecraft:stone":39,"byg:white_puffball":3,"minecraft:acacia_leaves":8,"justenoughdrugz:weed_plant":26,"croptopia:apple_sapling":1,"minecraft:crafting_table":15,"minecraft:cornflower":1,"untamedwilds:flora_bush_temperate":1,"minecraft:tall_grass":5,"farmersdelight:wild_tomatoes":1,"untamedwilds:block_burrow":1,"minecraft:spruce_log":10,"minecraft:birch_leaves":1,"botania:white_mystical_flower":2,"minecraft:coal_ore":32,"botania:yellow_mystical_flower":1,"botania:gray_mystical_flower":1,"minecraft:cracked_stone_bricks":1,"minecraft:acacia_planks":9,"minecraft:stone_bricks":1,"byg:tall_allium":1,"minecraft:mossy_stone_bricks":4,"minecraft:chipped_anvil":2},"minecraft:killed":{"untamedwilds:hyena":2,"minecraft:cave_spider":7,"rottencreatures:burned":1,"minecraft:spider":14,"minecraft:skeleton":26,"orcz:goblinsavagebomb":1,"minecraft:silverfish":5,"minecraft:pig":2,"untamedwilds:boar":8,"minecraft:creeper":3,"kevin_trophy:blister_zombie":1,"minecraft:zombie":55,"orcz:bigorcboss":1,"minecraft:stray":7,"untamedwilds:bison":17,"cave_dweller:cave_dweller":1,"orcz:orcsavage_2sword":3,"orcz:snot":1,"alexsmobs:raccoon":3,"betteranimalsplus:boar":1,"alexsmobs:bison":1,"orcz:orcsavagemace":1,"betteranimalsplus:lamprey":1,"minecraft:hoglin":9,"betteranimalsplus:eel_freshwater":1,"alexsmobs:cockroach":1,"minecraft:wither_skeleton":21,"minecraft:enderman":1},"minecraft:crafted":{"minecraft:brick":3,"minecraft:oak_planks":204,"justenoughdrugz:blunt":6,"minecraft:oak_sign":3,"minecraft:dark_oak_boat":1,"orcz:orcteeth_armor_armor_chestplate":1,"minecraft:iron_boots":1,"minecraft:chest":3,"minecraft:acacia_fence":18,"minecraft:flower_pot":1,"sophisticatedbackpacks:backpack":1,"minecraft:cooked_porkchop":17,"minecraft:crafting_table":7,"minecraft:spruce_planks":40,"minecraft:acacia_slab":24,"minecraft:iron_helmet":2,"farmersdelight:fried_egg":4,"minecraft:iron_chestplate":1,"minecraft:shield":1,"sophisticatedbackpacks:diamond_backpack":1,"minecraft:stick":28,"minecraft:iron_block":3,"minecraft:gold_ingot":11,"croptopia:apple_sapling":5,"orcz:orcteeth_tool_sword":1,"minecraft:furnace":3,"minecraft:acacia_fence_gate":1,"minecraft:bone_meal":72,"decorative_blocks:acacia_support":3,"minecraft:diamond":9,"minecraft:iron_axe":1,"orcz:orcteeth_tool_pickaxe":1,"minecraft:spruce_boat":1,"minecraft:dark_oak_planks":12,"sophisticatedbackpacks:iron_backpack":1,"minecraft:cooked_beef":24,"orcz:orcteeth_armor_armor_leggings":1,"minecraft:diamond_sword":1,"sophisticatedbackpacks:gold_backpack":1,"minecraft:air":0,"minecraft:oak_boat":1,"minecraft:acacia_sign":3,"minecraft:wooden_axe":1,"minecraft:iron_shovel":1,"minecraft:iron_leggings":1,"minecraft:anvil":1,"minecraft:acacia_planks":124,"byg:aspen_planks":64},"minecraft:dropped":{"minecraft:nether_brick_stairs":3,"byg:biomepedia":1,"minecraft:glass_bottle":4,"minecraft:diamond":12,"decorative_blocks:acacia_support":2,"tombstone:bag_of_seeds":1,"minecraft:netherite_boots":1,"minecraft:bone":15,"alexsmobs:animal_dictionary":1,"justenoughdrugz:weed_seed":7,"minecraft:rotten_flesh":4,"minecraft:oak_planks":72,"sophisticatedbackpacks:diamond_backpack":1,"minecraft:carrot":1,"patchouli:guide_book":1,"minecraft:chainmail_chestplate":1,"supplementaries:ash":1,"croptopia:blueberry":1,"minecraft:melon_seeds":1,"minecraft:acacia_slab":5,"minecraft:acacia_sapling":4,"minecraft:leather_leggings":1,"minecraft:egg":1,"farmersdelight:tomato_seeds":1,"minecraft:enchanted_book":1,"minecraft:bread":2,"botania:yellow_mystical_flower":1,"minecraft:wheat_seeds":1,"minecraft:golden_helmet":1,"minecraft:mossy_cobblestone":1,"minecraft:golden_horse_armor":3,"minecraft:iron_helmet":2,"untamedwilds:material_snake_skin":1,"minecraft:coal":1,"minecraft:stick":1,"mca:book_romance":1,"minecraft:diamond_helmet":2,"minecraft:chainmail_leggings":1,"minecraft:string":1,"minecraft:acacia_planks":14,"byg:tall_allium":2,"iammusicplayer:radio_antenna":2,"orcz:orcteeth_tool_sword":1,"orcz:orcteeth_armor_armor_chestplate":1,"evilcraft:origins_of_darkness":1,"minecraft:filled_map":2,"minecraft:diamond_sword":3,"supplementaries:quiver":1,"minecraft:shield":1,"orcz:orcteeth":2,"farmersdelight:fried_egg":1,"minecraft:bundle":1,"minecraft:iron_chestplate":1,"minecraft:mossy_stone_bricks":1,"minecraft:golden_leggings":1,"minecraft:spider_eye":2,"minecraft:bow":4}},"DataVersion":3120}