{"stats":{"minecraft:picked_up":{"minecraft:seagrass":7,"minecraft:iron_chestplate":4,"justenoughdrugz:coca_seeds":13,"byg:lush_dirt":4,"minecraft:anvil":1,"minecraft:prismarine_shard":6,"minecraft:smithing_table":5,"minecraft:lead":3,"minecraft:diamond_sword":2,"botania:black_double_flower":1,"minecraft:oak_stairs":56,"betteranimalsplus:venisonraw":5,"minecraft:enchanted_book":10,"croptopia:calamari":6,"minecraft:brewing_stand":4,"minecraft:golden_sword":4,"botania:light_blue_double_flower":1,"minecraft:music_disc_cat":1,"minecraft:polished_blackstone_brick_stairs":2,"minecraft:string":152,"byg:blue_rose_bush":1,"minecraft:beetroot":6,"minecraft:diamond_leggings":2,"minecraft:cobbled_deepslate":38,"minecraft:gold_nugget":150,"minecraft:spruce_planks":312,"minecraft:written_book":1,"sophisticatedbackpacks:netherite_backpack":1,"minecraft:enchanted_golden_apple":1,"minecraft:coal_block":79,"byg:fir_sapling":151,"minecraft:golden_helmet":2,"orcz:orcskull":1,"croptopia:barley_seed":1,"minecraft:jukebox":1,"minecraft:big_dripleaf":3,"alexsmobs:shark_tooth_arrow":2,"minecraft:green_bed":9,"byg:skyris_door":3,"orcz:palisadedarkoak":3,"byg:witch_hazel_planks":6,"minecraft:golden_chestplate":9,"minecraft:cauldron":3,"botania:manasteel_ingot":5,"create:scoria":11,"croptopia:raspberry_seed":5,"supplementaries:quiver":6,"supplementaries:ash":29,"minecraft:iron_bars":39,"minecraft:snowball":2,"byg:fir_fence":4,"minecraft:sponge":2,"minecraft:birch_log":196,"minecraft:magma_block":22,"orcz:orcteeth":76,"minecraft:feather":71,"minecraft:cooked_beef":5,"untamedwilds:hide_bigcat_puma":4,"minecraft:birch_slab":24,"minecraft:brown_wool":4,"minecraft:smoker":8,"artifacts:thorn_pendant":1,"justenoughdrugz:weed_edible":4,"alexsmobs:bison_fur":2,"minecraft:flint":63,"byg:white_puffball_cap":2,"minecraft:gray_concrete":39,"minecraft:lantern":20,"minecraft:gray_concrete_powder":27,"untamedwilds:flora_junegrass":2,"betteranimalsplus:pheasant_egg":1,"iammusicplayer:radio_antenna":3,"minecraft:stonecutter":2,"byg:blueberries":2,"minecraft:glowstone_dust":3,"croptopia:roe":1,"minecraft:moss_block":19,"duckling:duck_egg":15,"botania:gray_double_flower":6,"croptopia:plum":1,"minecraft:warped_wart_block":8,"minecraft:stripped_acacia_wood":8,"byg:witch_hazel_sapling":32,"alexsmobs:crocodile_egg":1,"betteranimalsplus:pheasantraw":13,"orcz:blue_orcshroom":2,"minecraft:ink_sac":26,"minecraft:granite_slab":8,"minecraft:fermented_spider_eye":19,"minecraft:dark_oak_log":13,"minecraft:red_terracotta":34,"minecraft:barrel":6,"securitycraft:universal_block_remover":3,"minecraft:bundle":4,"minecraft:polished_andesite":33,"betteranimalsplus:boarhead_gray":1,"byg:pink_anemone":2,"minecraft:lever":9,"minecraft:granite":22,"minecraft:bread":23,"minecraft:golden_horse_armor":6,"minecraft:chainmail_helmet":2,"alexsmobs:maggot":61,"minecraft:light_gray_carpet":1,"minecraft:bricks":6,"minecraft:diamond_pickaxe":1,"croptopia:toast":5,"sophisticatedbackpacks:gold_backpack":7,"minecraft:crafting_table":27,"minecraft:nether_wart":16,"minecraft:clay_ball":100,"minecraft:redstone_lamp":23,"minecraft:leather_leggings":1,"justenoughdrugz:coca":5,"aquamirae:sharp_bones":1,"camera:image_frame":3,"minecraft:flint_and_steel":6,"minecraft:netherite_scrap":2,"minecraft:white_carpet":2,"byg:palm_sapling":2,"supplementaries:bomb":12,"minecraft:cracked_stone_bricks":14,"botania:pure_daisy":6,"minecraft:beef":74,"minecraft:iron_nugget":65,"minecraft:poppy":2,"minecraft:spruce_slab":10,"minecraft:chest":32,"minecraft:birch_sapling":54,"minecraft:piston":15,"minecraft:egg":2,"minecraft:sandstone":6,"minecraft:stone":43,"minecraft:raw_gold_block":14,"untamedwilds:flora_bush_temperate":2,"minecraft:spruce_fence":1,"justenoughdrugz:cocaine_baggie":1,"orcz:orchorn":3,"minecraft:carrot":32,"minecraft:redstone":52,"byg:brimstone":18,"minecraft:prismarine_crystals":3,"minecraft:tnt":31,"securitycraft:alarm":7,"minecraft:beetroot_seeds":83,"minecraft:peony":40,"iammusicplayer:parabolic_antenna":1,"botania:apothecary_default":1,"minecraft:diamond_boots":1,"minecraft:hay_block":39,"tombstone:essence_of_undeath":2,"minecraft:gold_ingot":166,"minecraft:totem_of_undying":1,"byg:palm_log":358,"minecraft:glow_berries":11,"byg:white_puffball_spores":3,"minecraft:mutton":31,"minecraft:bone_block":7,"minecraft:white_wool":17,"minecraft:rail":28,"minecraft:oxeye_daisy":1,"minecraft:lime_bed":1,"evilcraft:environmental_accumulation_core":1,"byg:witch_hazel_log":207,"minecraft:red_mushroom":1,"minecraft:filled_map":2,"minecraft:oak_log":326,"minecraft:ancient_debris":7,"minecraft:golden_boots":4,"byg:palm_slab":6,"securitycraft:reinforced_glass":32,"minecraft:white_banner":11,"tombstone:gift":1,"untamedwilds:spawn_tortoise":21,"minecraft:apple":25,"croptopia:barley":1,"minecraft:stone_bricks":28,"alexsmobs:cockroach_wing_fragment":3,"minecraft:stone_pickaxe":2,"tombstone:bag_of_seeds":2,"minecraft:glass_bottle":2,"minecraft:iron_sword":3,"botania:cyan_petal":1,"minecraft:flowering_azalea":3,"elevatorid:elevator_white":2,"minecraft:smooth_basalt":10,"minecraft:sweet_berries":115,"minecraft:gravel":988,"orcz:orcamanita":4,"minecraft:spruce_sapling":26,"minecraft:spruce_log":83,"minecraft:leather_helmet":1,"tombstone:scroll_of_true_sight":1,"minecraft:diamond_shovel":5,"minecraft:slime_ball":11,"minecraft:polished_diorite":33,"croptopia:orange":7,"minecraft:gray_wool":1,"minecraft:melon_seeds":1,"minecraft:smooth_quartz_slab":2,"minecraft:ender_pearl":12,"minecraft:music_disc_strad":1,"betteranimalsplus:calamari_raw":3,"minecraft:wheat":322,"minecraft:redstone_block":3,"croptopia:kale":1,"supplementaries:bomb_blue":1,"minecraft:potion":11,"minecraft:stone_brick_stairs":4,"minecraft:gilded_blackstone":12,"tombstone:grave_key":2,"byg:crocus":1,"evilcraft:ender_tear":2,"croptopia:cantaloupe":1,"minecraft:iron_leggings":1,"minecraft:sticky_piston":5,"minecraft:armor_stand":4,"minecraft:oak_sign":3,"minecraft:comparator":9,"minecraft:bucket":1,"minecraft:rose_bush":2,"minecraft:azalea":1,"minecraft:smooth_quartz":6,"minecraft:iron_pickaxe":3,"alexsmobs:raccoon_tail":1,"minecraft:iron_boots":4,"minecraft:furnace":9,"minecraft:tipped_arrow":7,"minecraft:stick":214,"minecraft:oak_fence":2,"minecraft:torch":217,"byg:anthracite":1,"croptopia:blackberry_seed":1,"minecraft:spruce_stairs":16,"minecraft:porkchop":70,"orcz:squigs_claws":1,"tombstone:grave_dust":61,"minecraft:diorite":302,"minecraft:quartz_block":9,"minecraft:rotten_flesh":176,"infernalexp:cooked_hogchop":3,"botania:light_gray_mystical_flower":14,"orcz:orcshroom":3,"evilcraft:condensed_blood":114,"minecraft:obsidian":30,"minecraft:cod":1,"iammusicplayer:boombox":1,"minecraft:cobblestone":703,"minecraft:nautilus_shell":1,"minecraft:leather_chestplate":1,"minecraft:lilac":3,"minecraft:magma_cream":25,"minecraft:repeater":1,"minecraft:golden_leggings":1,"minecraft:chiseled_quartz_block":3,"minecraft:potato":7,"alexsmobs:bear_fur":1,"minecraft:tuff":5,"create:raw_zinc":3,"evilcraft:flesh_humanoid":2,"supplementaries:flax_seeds":1,"minecraft:lapis_lazuli":101,"minecraft:dirt":5415,"minecraft:polished_granite":2,"minecraft:name_tag":9,"minecraft:leather_boots":4,"minecraft:bone":497,"simplyhotsprings:hot_spring_water_bucket":1,"minecraft:acacia_planks":2,"minecraft:bow":5,"minecraft:wheat_seeds":1104,"minecraft:raw_gold":4,"minecraft:grindstone":1,"tombstone:scroll_of_reach":1,"minecraft:mossy_stone_bricks":9,"minecraft:bamboo":29,"croptopia:kale_seed":3,"minecraft:oak_planks":84,"botania:gray_mystical_flower":74,"minecraft:mossy_stone_brick_stairs":5,"minecraft:cooked_porkchop":19,"minecraft:music_disc_13":1,"croptopia:blackberry":1,"orcz:orcagaric":3,"minecraft:sand":868,"minecraft:nether_brick_stairs":3,"minecraft:grass_block":2,"minecraft:cyan_bed":14,"minecraft:spectral_arrow":27,"minecraft:mossy_cobblestone":15,"minecraft:dark_prismarine":2,"minecraft:light_gray_concrete":1,"tombstone:familiar_stone":8,"minecraft:sugar":16,"byg:skyris_crafting_table":1,"minecraft:diamond":68,"minecraft:slime_block":3,"waystones:waystone":15,"minecraft:cracked_polished_blackstone_bricks":3,"minecraft:crossbow":2,"minecraft:bone_meal":1,"minecraft:golden_apple":2,"minecraft:white_concrete":21,"minecraft:emerald":28,"orcz:ironscrap":1,"minecraft:oak_sapling":32,"minecraft:netherrack":1125,"minecraft:oak_leaves":238,"rottencreatures:magma_rotten_flesh":3,"minecraft:charcoal":7,"byg:palm_door":1,"byg:soapstone":21,"minecraft:azure_bluet":1,"minecraft:splash_potion":2,"minecraft:chicken":12,"minecraft:ladder":1,"croptopia:peach":6,"minecraft:brown_mushroom":6,"minecraft:gold_block":16,"alexs_armoury:ravager_hide":2,"minecraft:chain":8,"minecraft:shield":2,"untamedwilds:food_turtle_cooked":29,"minecraft:moss_carpet":4,"minecraft:iron_axe":3,"minecraft:quartz_slab":24,"minecraft:blackstone":77,"minecraft:cyan_carpet":10,"byg:fir_sign":1,"minecraft:oak_boat":1,"justenoughdrugz:weed_seed":98,"minecraft:lectern":1,"minecraft:sugar_cane":71,"duckling:raw_duck":24,"minecraft:phantom_membrane":10,"minecraft:stripped_crimson_hyphae":2,"minecraft:raw_iron":293,"untamedwilds:food_pachyderm_raw":7,"minecraft:bowl":3,"evilcraft:origins_of_darkness":1,"minecraft:gray_dye":8,"artifacts:vampiric_glove":1,"minecraft:polished_blackstone_bricks":13,"minecraft:iron_horse_armor":2,"alexsmobs:crocodile_scute":2,"minecraft:dark_oak_planks":6,"minecraft:arrow":438,"minecraft:pumpkin_pie":42,"minecraft:nether_bricks":5,"byg:fir_log":326,"minecraft:saddle":8,"minecraft:glistering_melon_slice":10,"minecraft:brick_stairs":2,"botania:magenta_double_flower":1,"minecraft:skeleton_skull":3,"minecraft:basalt":11,"minecraft:golden_carrot":42,"minecraft:glow_ink_sac":3,"minecraft:salmon":2,"minecraft:leather":102,"minecraft:birch_planks":56,"minecraft:chainmail_chestplate":2,"minecraft:nether_wart_block":2,"minecraft:gunpowder":49,"minecraft:cobblestone_stairs":1,"minecraft:wooden_hoe":1,"botania:black_mystical_flower":23,"botania:light_gray_petal":16,"minecraft:cooked_mutton":1,"untamedwilds:material_fat":29,"minecraft:spruce_wood":6,"minecraft:iron_ingot":108,"croptopia:raspberry":6,"betteranimalsplus:blubber":7,"minecraft:book":317,"minecraft:oak_slab":60,"minecraft:warped_fungus":4,"minecraft:pumpkin":38,"minecraft:quartz":337,"minecraft:red_banner":2,"minecraft:blast_furnace":9,"betteranimalsplus:turkey_leg_raw":4,"minecraft:spruce_door":10,"byg:palm_planks":175,"minecraft:spider_eye":68,"artifacts:helium_flamingo":1,"betteranimalsplus:eel_meat_raw":19,"minecraft:music_disc_mall":1,"minecraft:pumpkin_seeds":1,"minecraft:white_concrete_powder":90,"evilcraft:dark_gem":8,"minecraft:iron_helmet":10,"minecraft:mossy_cobblestone_stairs":4,"minecraft:terracotta":58,"tombstone:magic_scroll":6,"minecraft:damaged_anvil":1,"minecraft:coal":125,"minecraft:sunflower":1},"minecraft:custom":{"minecraft:interact_with_crafting_table":177,"minecraft:open_barrel":56,"goblintraders:trade_with_goblin":30,"minecraft:eat_cake_slice":7,"minecraft:leave_game":25,"minecraft:time_since_death":18701,"minecraft:damage_blocked_by_shield":19973,"minecraft:play_time":1906533,"minecraft:deaths":41,"tombstone:tomb_raiding":2,"minecraft:jump":36687,"minecraft:interact_with_furnace":113,"minecraft:sleep_in_bed":27,"minecraft:waystone_activated":19,"minecraft:damage_dealt":147707,"tombstone:undead_killed":413,"minecraft:interact_with_smoker":36,"minecraft:interact_with_smithing_table":7,"minecraft:inspect_dispenser":5,"minecraft:inspect_dropper":1,"minecraft:interact_with_anvil":13,"minecraft:inspect_hopper":3,"minecraft:damage_dealt_absorbed":55,"minecraft:sneak_time":98039,"minecraft:interact_with_blast_furnace":50,"minecraft:total_world_time":1906533,"tombstone:raider_killed":44,"minecraft:tune_noteblock":24,"minecraft:interact_with_stonecutter":12,"minecraft:time_since_rest":18733,"minecraft:swim_one_cm":663451,"minecraft:fly_one_cm":8078499,"minecraft:open_chest":1865,"minecraft:fall_one_cm":992901,"minecraft:damage_resisted":41,"minecraft:sprint_one_cm":5765369,"minecraft:drop":718,"minecraft:play_noteblock":2,"minecraft:talked_to_villager":15,"minecraft:interact_with_brewingstand":1,"minecraft:walk_on_water_one_cm":251783,"minecraft:player_kills":3,"minecraft:crouch_one_cm":338601,"tombstone:villager_killed":4,"minecraft:mob_kills":848,"minecraft:damage_dealt_resisted":500,"minecraft:climb_one_cm":61850,"minecraft:walk_one_cm":4425328,"minecraft:walk_under_water_one_cm":253181,"minecraft:boat_one_cm":85438,"minecraft:raid_trigger":1,"minecraft:interact_with_grindstone":2,"minecraft:damage_taken":43049,"minecraft:damage_absorbed":127,"minecraft:trigger_trapped_chest":6},"minecraft:killed_by":{"minecraft:piglin_brute":3,"minecraft:ravager":1,"orcz:goblinsavagemace":1,"minecraft:vindicator":3,"orcz:bigorcboss":2,"minecraft:zombie":4,"minecraft:husk":1,"kevin_trophy:zombie_brute":4,"minecraft:stray":1,"orcz:weirdboinecro":1,"cave_dweller:cave_dweller":1,"minecraft:wither_skeleton":1,"betteranimalsplus:blackbear":1,"kevin_trophy:crawler_zombie":1,"alexsmobs:crocodile":2,"minecraft:cave_spider":1,"minecraft:player":1,"minecraft:iron_golem":2,"minecraft:skeleton":3,"minecraft:phantom":1,"kevin_trophy:blister_zombie":4},"minecraft:used":{"minecraft:peony":15,"minecraft:beetroot":3,"minecraft:writable_book":2,"minecraft:spruce_slab":27,"croptopia:calamari":4,"minecraft:ladder":1,"minecraft:poppy":2,"minecraft:chest":65,"minecraft:stone":6,"untamedwilds:spawn_tortoise":21,"minecraft:rotten_flesh":24,"iammusicplayer:boombox":1,"securitycraft:keypad_item":24,"betteranimalsplus:calamari_raw":3,"minecraft:grass_block":2,"minecraft:quartz_block":27,"byg:fir_log":7,"minecraft:stone_brick_stairs":1,"supplementaries:bomb_blue":1,"croptopia:peach":6,"minecraft:bow":19,"minecraft:sweet_berries":36,"minecraft:oak_sapling":4,"minecraft:furnace":7,"untamedwilds:food_turtle_cooked":6,"minecraft:diorite":2,"minecraft:mossy_stone_bricks":9,"minecraft:spruce_door":10,"minecraft:wooden_pickaxe":26,"minecraft:clay":1,"minecraft:oak_leaves":136,"elevatorid:elevator_white":5,"minecraft:glow_berries":11,"minecraft:sand":17,"orcz:bone_1":1,"minecraft:blast_furnace":7,"securitycraft:universal_block_remover":2,"minecraft:gray_concrete":22,"minecraft:pumpkin_seeds":1,"croptopia:orange":1,"minecraft:birch_fence":21,"minecraft:crying_obsidian":4,"minecraft:birch_slab":360,"minecraft:red_terracotta":34,"minecraft:polished_granite":2,"minecraft:nether_wart_block":2,"minecraft:diamond_sword":2457,"minecraft:coal_block":5,"byg:fir_sign":4,"minecraft:smithing_table":5,"camera:image_frame":4,"minecraft:stripped_acacia_wood":8,"minecraft:iron_bars":20,"minecraft:stone_sword":125,"minecraft:enchanting_table":1,"minecraft:light_gray_carpet":1,"byg:fir_sapling":3,"minecraft:netherrack":305,"minecraft:torch":446,"minecraft:anvil":2,"minecraft:ancient_debris":1,"minecraft:brewing_stand":4,"minecraft:warped_wart_block":8,"sophisticatedbackpacks:netherite_backpack":2,"minecraft:golden_shovel":108,"croptopia:raspberry":5,"minecraft:nether_brick_stairs":2,"minecraft:polished_diorite":304,"byg:lush_dirt":3,"minecraft:iron_axe":939,"minecraft:brick_stairs":2,"minecraft:smooth_quartz":6,"minecraft:bamboo":30,"duckling:duck_egg":6,"tombstone:gift":13,"betteranimalsplus:venisoncooked":2,"minecraft:cobbled_deepslate":4,"minecraft:acacia_planks":1,"sophisticatedbackpacks:gold_backpack":6,"minecraft:water_bucket":563,"byg:skyris_crafting_table":1,"minecraft:wheat_seeds":483,"byg:brimstone":8,"minecraft:birch_planks":432,"minecraft:cracked_stone_bricks":2,"minecraft:salmon":2,"minecraft:polished_blackstone_bricks":13,"minecraft:gilded_blackstone":7,"minecraft:mossy_cobblestone":1,"minecraft:tnt":28,"minecraft:crafting_table":28,"minecraft:oak_slab":311,"supplementaries:bomb":11,"minecraft:cod":1,"minecraft:spruce_log":23,"byg:skyris_door":1,"minecraft:oak_log":27,"minecraft:dark_prismarine":2,"minecraft:diamond_pickaxe":3560,"minecraft:diamond_shovel":4884,"minecraft:iron_pickaxe":459,"minecraft:spruce_sapling":1,"minecraft:cobblestone":80,"minecraft:potion":17,"minecraft:porkchop":3,"minecraft:cooked_porkchop":17,"untamedwilds:flora_bush_temperate":1,"minecraft:glass_pane":76,"byg:palm_planks":1523,"minecraft:candle":8,"minecraft:moss_carpet":1,"minecraft:iron_shovel":1272,"minecraft:diamond_hoe":235,"minecraft:white_concrete_powder":634,"minecraft:shield":278,"minecraft:iron_sword":302,"minecraft:iron_chestplate":1,"orcz:orcshroom":2,"byg:witch_hazel_planks":132,"minecraft:nether_bricks":5,"minecraft:carrot":54,"minecraft:obsidian":20,"minecraft:milk_bucket":1,"minecraft:glass":315,"byg:fir_fence":141,"minecraft:quartz_slab":124,"minecraft:bricks":5,"byg:palm_door":1,"minecraft:lantern":26,"minecraft:gray_concrete_powder":460,"minecraft:stone_bricks":175,"securitycraft:universal_key_changer":14,"minecraft:written_book":3,"croptopia:roe":1,"securitycraft:alarm":3,"minecraft:stone_pickaxe":49,"minecraft:oak_planks":720,"minecraft:sugar_cane":39,"minecraft:diamond_axe":881,"minecraft:white_wool":1,"byg:white_puffball_cap":2,"minecraft:shears":238,"minecraft:lever":3,"waystones:waystone":14,"rottencreatures:treasure_chest":1,"minecraft:dark_oak_log":4,"minecraft:bread":220,"minecraft:cyan_bed":13,"byg:palm_slab":15,"tombstone:grave_key":3,"orcz:big_bone_1":4,"minecraft:gravel":8,"minecraft:granite_slab":8,"betteranimalsplus:eel_meat_raw":19,"croptopia:toast":148,"croptopia:cantaloupe":1,"minecraft:grindstone":1,"minecraft:white_concrete":6,"minecraft:experience_bottle":54,"minecraft:oak_fence":38,"simplyswords:diamond_glaive":11,"minecraft:flint_and_steel":66,"minecraft:spruce_planks":157,"minecraft:cooked_chicken":1,"minecraft:dirt":4989,"simplyhotsprings:hot_spring_water_bucket":11,"minecraft:white_carpet":2,"minecraft:spruce_stairs":31,"minecraft:granite":19,"minecraft:dark_oak_planks":29,"minecraft:iron_hoe":250,"minecraft:stone_brick_slab":6,"minecraft:wooden_axe":1,"alexsmobs:maggot":7,"minecraft:bookshelf":29,"minecraft:oak_stairs":125,"evilcraft:flesh_humanoid":1,"minecraft:cooked_beef":64,"minecraft:enchanted_golden_apple":1,"minecraft:iron_leggings":1,"minecraft:cooked_mutton":25,"minecraft:lodestone":1,"minecraft:polished_andesite":28,"minecraft:baked_potato":19,"minecraft:stonecutter":2,"minecraft:green_bed":6,"minecraft:terracotta":56,"minecraft:lime_bed":1,"minecraft:light_gray_concrete_powder":1,"minecraft:dark_oak_door":4,"minecraft:smoker":7,"minecraft:cracked_polished_blackstone_bricks":1,"minecraft:stone_axe":33,"minecraft:stripped_crimson_hyphae":2,"minecraft:white_banner":5,"minecraft:bucket":577,"minecraft:red_banner":2},"minecraft:broken":{"minecraft:shears":1,"minecraft:iron_chestplate":4,"minecraft:iron_leggings":1,"minecraft:diamond_shovel":3,"minecraft:diamond_pickaxe":2,"minecraft:iron_sword":1,"minecraft:iron_hoe":1,"minecraft:diamond_leggings":2,"minecraft:shield":1,"minecraft:iron_axe":4,"minecraft:iron_pickaxe":1,"minecraft:iron_helmet":6,"minecraft:golden_helmet":1,"minecraft:iron_shovel":5,"minecraft:golden_shovel":1,"minecraft:chainmail_chestplate":1,"minecraft:flint_and_steel":1,"minecraft:diamond_axe":1},"minecraft:mined":{"minecraft:dark_oak_planks":8,"orcz:palisadedarkoak":4,"minecraft:obsidian":23,"minecraft:granite":21,"minecraft:coal_block":105,"minecraft:oxeye_daisy":1,"botania:light_gray_mystical_flower":9,"minecraft:spawner":119,"byg:fir_fence":4,"byg:palm_door":1,"minecraft:magma_block":38,"minecraft:polished_blackstone_bricks":17,"minecraft:tall_seagrass":15,"minecraft:mossy_cobblestone_stairs":11,"minecraft:barrel":5,"minecraft:fire":26,"byg:witch_hazel_planks":6,"byg:prairie_grass":2,"minecraft:moss_carpet":1,"minecraft:pumpkin":26,"minecraft:deepslate_lapis_ore":10,"minecraft:granite_slab":4,"byg:boric_fire":65,"minecraft:nether_brick_stairs":4,"minecraft:water_cauldron":3,"minecraft:cave_vines":13,"croptopia:apple_crop":1,"minecraft:dirt_path":8,"minecraft:oak_stairs":4,"minecraft:quartz_slab":22,"minecraft:light_gray_concrete":1,"minecraft:spruce_wood":6,"minecraft:tripwire":4,"minecraft:brown_mushroom":2,"byg:fir_sign":1,"minecraft:smoker":5,"infernalexp:planted_quartz":14,"minecraft:torch":116,"byg:brimstone":18,"minecraft:blast_furnace":9,"create:scoria":19,"croptopia:raspberry_crop":5,"minecraft:smooth_quartz_slab":2,"minecraft:glass":9,"minecraft:cyan_bed":14,"minecraft:damaged_anvil":1,"minecraft:sugar_cane":23,"minecraft:bricks":6,"botania:black_mystical_flower":20,"mca:cross_headstone":3,"minecraft:skeleton_skull":3,"byg:pink_anemone":2,"minecraft:repeater":1,"byg:soapstone":21,"minecraft:light_gray_stained_glass":4,"minecraft:wheat":141,"minecraft:lilac":3,"minecraft:jukebox":1,"minecraft:stone_brick_stairs":8,"minecraft:grass":175,"minecraft:smooth_quartz":6,"byg:blueberry_bush":2,"minecraft:smooth_basalt":12,"minecraft:stonecutter":2,"minecraft:piston":12,"minecraft:deepslate":39,"create:zinc_ore":3,"minecraft:dark_prismarine":2,"byg:clover_patch":3,"croptopia:orange_crop":1,"minecraft:mossy_cobblestone":19,"minecraft:dark_oak_log":9,"minecraft:sea_lantern":1,"minecraft:nether_bricks":6,"minecraft:spruce_fence":1,"evilcraft:environmental_accumulator":1,"minecraft:redstone_wire":3,"minecraft:moss_block":3,"minecraft:white_concrete_powder":26,"minecraft:black_stained_glass_pane":1,"byg:crocus":1,"minecraft:snow":3,"croptopia:peach_crop":2,"minecraft:mossy_stone_brick_stairs":12,"orcz:orcshroom":5,"minecraft:potatoes":5,"minecraft:vine":24,"minecraft:rail":28,"minecraft:bamboo_sapling":2,"minecraft:bamboo":20,"supplementaries:wall_lantern":3,"byg:white_puffball":4,"minecraft:smithing_table":5,"minecraft:oak_slab":50,"minecraft:light_gray_carpet":1,"minecraft:redstone_block":8,"byg:palm_planks":173,"minecraft:gray_concrete":41,"untamedwilds:flora_bush_temperate":2,"minecraft:sponge":2,"minecraft:tall_grass":58,"minecraft:diorite":302,"minecraft:big_dripleaf":1,"minecraft:warped_wart_block":9,"byg:palm_slab":2,"supplementaries:ceiling_banner_white":1,"minecraft:red_terracotta":35,"minecraft:white_carpet":1,"minecraft:spruce_log":77,"minecraft:birch_leaves":18,"minecraft:red_wall_banner":2,"sophisticatedbackpacks:netherite_backpack":1,"minecraft:gravel":786,"minecraft:sunflower":4,"minecraft:cobweb":2,"botania:gray_mystical_flower":18,"minecraft:acacia_planks":1,"byg:fir_log":326,"minecraft:stone_bricks":18,"minecraft:gold_ore":1,"minecraft:fern":13,"minecraft:spruce_planks":171,"minecraft:oak_sapling":1,"orcz:orcamanita":9,"sophisticatedbackpacks:gold_backpack":4,"minecraft:brewing_stand":3,"minecraft:cave_vines_plant":10,"minecraft:grass_block":1905,"minecraft:stripped_crimson_hyphae":2,"byg:blue_rose_bush":1,"minecraft:cracked_polished_blackstone_bricks":3,"minecraft:white_concrete":16,"iammusicplayer:boombox":1,"minecraft:polished_diorite":35,"minecraft:gilded_blackstone":1,"supplementaries:ash":7,"minecraft:iron_ore":111,"minecraft:anvil":1,"minecraft:azure_bluet":1,"evilcraft:infested_nether_nether_bricks":1,"minecraft:iron_bars":34,"byg:skyris_door":3,"minecraft:green_bed":9,"minecraft:spruce_slab":9,"minecraft:quartz_block":13,"minecraft:blackstone":64,"minecraft:melon_stem":1,"minecraft:chiseled_quartz_block":3,"minecraft:clay":25,"minecraft:chest":33,"minecraft:nether_quartz_ore":235,"minecraft:cobblestone":7,"minecraft:grindstone":1,"minecraft:oak_planks":85,"minecraft:wall_torch":43,"byg:lush_grass_block":2,"minecraft:seagrass":22,"minecraft:warped_nylium":4,"byg:brimstone_nether_quartz_ore":84,"byg:skyris_crafting_table":1,"byg:palm_log":352,"orcz:orcagaric":4,"minecraft:birch_log":196,"evilcraft:infested_nether_soul_sand":5,"orcz:blue_orcshroom":5,"minecraft:oak_log":288,"minecraft:beetroots":75,"botania:gray_double_flower":3,"minecraft:sand":749,"minecraft:dirt":3022,"minecraft:tripwire_hook":2,"minecraft:netherrack":1467,"minecraft:ancient_debris":6,"minecraft:oak_leaves":294,"botania:magenta_double_flower":1,"minecraft:redstone_lamp":22,"minecraft:tuff":5,"minecraft:deepslate_diamond_ore":21,"croptopia:kale_crop":1,"minecraft:lever":2,"minecraft:brick_stairs":3,"minecraft:birch_slab":19,"minecraft:spruce_leaves":27,"minecraft:sandstone":6,"minecraft:large_fern":7,"minecraft:hay_block":32,"minecraft:spruce_sapling":1,"minecraft:furnace":9,"minecraft:carrots":4,"minecraft:gold_block":17,"minecraft:peony":33,"minecraft:bookshelf":48,"minecraft:deepslate_iron_ore":36,"minecraft:lantern":16,"minecraft:stone":590,"minecraft:podzol":1,"minecraft:basalt":12,"minecraft:spruce_door":7,"minecraft:polished_granite":3,"minecraft:oak_fence":2,"minecraft:crafting_table":26,"minecraft:rose_bush":2,"minecraft:lectern":1,"minecraft:lapis_ore":5,"minecraft:polished_blackstone_brick_stairs":2,"byg:witch_hazel_log":209,"minecraft:spruce_stairs":13,"supplementaries:urn":12,"minecraft:birch_planks":56,"untamedwilds:block_burrow":2,"minecraft:lime_bed":1,"minecraft:gray_concrete_powder":27,"minecraft:brick_slab":1,"byg:lush_dirt":2,"minecraft:sweet_berry_bush":51,"minecraft:white_wall_banner":2,"elevatorid:elevator_white":2,"minecraft:coal_ore":31,"evilcraft:blood_stain":1,"byg:skyris_bookshelf":40,"byg:palm_leaves":12,"byg:brimstone_nether_gold_ore":9,"minecraft:cracked_stone_bricks":9,"minecraft:terracotta":58,"minecraft:stripped_acacia_wood":10,"minecraft:polished_andesite":33,"minecraft:mossy_stone_bricks":13},"minecraft:killed":{"betteranimalsplus:coyote":2,"minecraft:cave_spider":12,"orcz:goblinshield":1,"betteranimalsplus:whale":1,"minecraft:skeleton":171,"minecraft:fox":1,"minecraft:chicken":7,"creeperoverhaul:cave_creeper":1,"minecraft:magma_cube":38,"cnb:sporeling":1,"minecraft:salmon":3,"alexsmobs:seal":2,"minecraft:iron_golem":2,"betteranimalsplus:pheasant":4,"kevin_trophy:blister_zombie":20,"minecraft:pillager":23,"minecraft:zombie":149,"betteranimalsplus:reindeer":1,"orcz:bigorcboss":3,"untamedwilds:bison":4,"mca:male_villager":1,"untamedwilds:snake":2,"orcz:orcsavage_2sword":3,"minecraft:cow":14,"minecraft:evoker":1,"mca:male_zombie_villager":2,"alexsmobs:raccoon":2,"minecraft:vindicator":9,"minecraft:horse":5,"betteranimalsplus:songbird":4,"orcz:orcsavagemace":4,"rottencreatures:undead_miner":11,"minecraft:husk":3,"untamedwilds:newt":1,"byg:pumpkin_warden":1,"minecraft:wandering_trader":2,"untamedwilds:big_cat":1,"alexsmobs:crocodile":1,"infernalexp:voline":4,"goblintraders:vein_goblin_trader":1,"mca:female_villager":1,"kevin_trophy:zombie_brute":2,"minecraft:enderman":7,"alexsmobs:hummingbird":1,"evilcraft:netherfish":4,"minecraft:zombified_piglin":22,"minecraft:witch":5,"betteranimalsplus:turkey":1,"creeperoverhaul:beach_creeper":3,"rottencreatures:burned":1,"minecraft:spider":46,"minecraft:silverfish":1,"orcz:squig":1,"minecraft:turtle":1,"betteranimalsplus:tarantula":3,"artifacts:mimic":2,"minecraft:piglin":3,"minecraft:pig":25,"alexsmobs:grizzly_bear":1,"orcz:goblinsavagemace":3,"untamedwilds:boar":1,"minecraft:creeper":10,"minecraft:sheep":16,"untamedwilds:tortoise":15,"minecraft:trader_llama":4,"minecraft:stray":14,"alexsmobs:fly":32,"cave_dweller:cave_dweller":3,"untamedwilds:rhino":1,"orcz:orcshield":3,"alexsmobs:farseer":1,"minecraft:vex":1,"betteranimalsplus:nautilus":1,"betteranimalsplus:boar":10,"minecraft:slime":8,"minecraft:phantom":6,"alexsmobs:blue_jay":1,"cnb:little_grebe":1,"rottencreatures:hunter_wolf":1,"alexsmobs:bison":1,"kevin_trophy:spitter_zombie":3,"betteranimalsplus:shark":1,"duckling:duck":8,"minecraft:hoglin":1,"minecraft:squid":1,"betteranimalsplus:eel_freshwater":2,"kevin_trophy:crawler_zombie":8,"alexsmobs:cockroach":2,"minecraft:wither_skeleton":1},"minecraft:crafted":{"minecraft:black_dye":52,"minecraft:light_gray_concrete_powder":8,"minecraft:smooth_stone":10,"minecraft:birch_slab":336,"byg:palm_door":3,"croptopia:toast":156,"minecraft:diamond_shovel":2,"minecraft:lever":4,"securitycraft:keypad_item":24,"minecraft:bookshelf":29,"minecraft:cooked_mutton":24,"minecraft:glass":414,"minecraft:quartz_block":79,"minecraft:diamond_helmet":1,"minecraft:diamond_leggings":1,"byg:palm_slab":18,"minecraft:iron_door":3,"botania:light_gray_petal":14,"minecraft:spruce_door":3,"minecraft:iron_block":3,"minecraft:gold_ingot":135,"minecraft:light_gray_dye":32,"minecraft:netherite_ingot":1,"sophisticatedbackpacks:netherite_backpack":1,"minecraft:iron_nugget":63,"minecraft:diamond_hoe":1,"minecraft:bone_meal":261,"minecraft:pink_dye":2,"botania:black_petal":38,"minecraft:lantern":8,"minecraft:spruce_stairs":36,"minecraft:polished_diorite":292,"securitycraft:universal_block_remover":4,"minecraft:spruce_slab":126,"minecraft:stone_pickaxe":1,"minecraft:diamond_boots":1,"minecraft:redstone_block":2,"minecraft:dark_oak_planks":36,"minecraft:wheat":279,"minecraft:enchanting_table":1,"minecraft:gray_concrete_powder":616,"sophisticatedbackpacks:gold_backpack":1,"securitycraft:door_indestructible_iron_item":1,"minecraft:wooden_axe":1,"minecraft:oak_stairs":132,"minecraft:iron_shovel":4,"minecraft:iron_leggings":2,"minecraft:note_block":4,"minecraft:oak_planks":1072,"minecraft:stone":153,"botania:gray_petal":38,"minecraft:heavy_weighted_pressure_plate":25,"byg:witch_hazel_planks":256,"securitycraft:laser_block":2,"minecraft:dark_oak_door":6,"minecraft:stone_brick_slab":6,"minecraft:bow":2,"tombstone:grave_key":9,"minecraft:chest":39,"byg:fir_planks":828,"minecraft:stone_bricks":18,"minecraft:oak_fence":36,"minecraft:golden_boots":2,"minecraft:smoker":1,"minecraft:oak_slab":288,"sophisticatedbackpacks:backpack":1,"minecraft:crafting_table":8,"minecraft:spruce_planks":164,"minecraft:wooden_pickaxe":1,"minecraft:iron_helmet":12,"minecraft:birch_planks":804,"byg:palm_planks":1432,"minecraft:iron_chestplate":3,"minecraft:diamond_pickaxe":1,"minecraft:purple_dye":1,"minecraft:shield":1,"sophisticatedbackpacks:diamond_backpack":1,"minecraft:birch_fence":24,"minecraft:stick":200,"minecraft:iron_ingot":145,"minecraft:stone_sword":1,"minecraft:shears":5,"securitycraft:universal_block_reinforcer_lvl1":1,"minecraft:redstone":9,"minecraft:coal":441,"securitycraft:alarm":4,"minecraft:furnace":5,"minecraft:stone_button":216,"minecraft:blast_furnace":2,"minecraft:gray_dye":78,"minecraft:glass_pane":160,"minecraft:flint_and_steel":2,"minecraft:white_concrete_powder":768,"minecraft:iron_axe":4,"minecraft:iron_hoe":1,"infinitybuttons:gravel_button":244,"byg:fir_sign":3,"minecraft:netherite_scrap":6,"securitycraft:universal_key_changer":1,"sophisticatedbackpacks:iron_backpack":1,"elevatorid:elevator_white":3,"minecraft:iron_sword":1,"minecraft:bucket":3,"minecraft:stone_axe":1,"minecraft:bread":199,"minecraft:air":0,"minecraft:oak_boat":1,"minecraft:white_wool":12,"minecraft:white_dye":198,"byg:fir_fence":173,"minecraft:stonecutter":1,"minecraft:anvil":1,"minecraft:torch":92,"minecraft:clay":1,"minecraft:diamond_chestplate":1},"minecraft:dropped":{"byg:biomepedia":1,"minecraft:iron_sword":2,"simplyswords:iron_glaive":1,"minecraft:cooked_beef":5,"minecraft:glow_ink_sac":3,"untamedwilds:material_fat":12,"minecraft:glass_bottle":10,"minecraft:diamond":2,"minecraft:crafting_table":1,"orcz:orcskull":1,"botania:apothecary_default":1,"minecraft:crossbow":1,"minecraft:mossy_stone_brick_stairs":1,"minecraft:cracked_stone_bricks":5,"minecraft:saddle":1,"minecraft:leather_helmet":1,"minecraft:red_mushroom":1,"sophisticatedbackpacks:gold_backpack":1,"minecraft:emerald":4,"minecraft:dirt":808,"minecraft:gray_concrete":7,"byg:palm_slab":6,"minecraft:chain":8,"minecraft:writable_book":2,"minecraft:gold_nugget":55,"minecraft:bone_meal":27,"minecraft:phantom_membrane":3,"betteranimalsplus:venisoncooked":3,"minecraft:iron_pickaxe":3,"botania:black_double_flower":1,"minecraft:fermented_spider_eye":4,"botania:white_mystical_flower":2,"iammusicplayer:parabolic_antenna":2,"alexsmobs:raccoon_tail":1,"minecraft:white_wool":2,"minecraft:gray_dye":1,"minecraft:cyan_carpet":8,"minecraft:bone":78,"minecraft:stone_axe":2,"minecraft:lever":8,"croptopia:toast":11,"minecraft:iron_nugget":55,"minecraft:cooked_chicken":11,"minecraft:golden_chestplate":1,"alexsmobs:animal_dictionary":1,"minecraft:cobbled_deepslate":1,"minecraft:birch_sapling":17,"minecraft:obsidian":2,"justenoughdrugz:weed_seed":69,"camera:image":1,"minecraft:rotten_flesh":43,"minecraft:oak_planks":1,"justenoughdrugz:coca":5,"minecraft:glowstone_dust":3,"iammusicplayer:boombox":1,"evilcraft:flesh_humanoid":11,"botania:manasteel_ingot":2,"minecraft:tipped_arrow":2,"create:scoria":11,"minecraft:leather_boots":1,"justenoughdrugz:weed_edible":1,"iammusicplayer:cassette_tape":1,"botania:light_gray_mystical_flower":6,"minecraft:enchanted_book":1,"minecraft:golden_boots":1,"minecraft:iron_ingot":67,"minecraft:wheat_seeds":113,"evilcraft:condensed_blood":46,"byg:brimstone":1,"minecraft:iron_helmet":5,"minecraft:feather":8,"minecraft:cobblestone":89,"minecraft:book":66,"botania:gray_mystical_flower":59,"orcz:orcagaric":3,"minecraft:apple":1,"minecraft:granite":2,"minecraft:chainmail_helmet":2,"minecraft:coal":26,"minecraft:polished_andesite":5,"simplyhotsprings:hot_spring_water_bucket":1,"minecraft:ink_sac":20,"minecraft:wooden_hoe":1,"minecraft:wooden_axe":1,"minecraft:rose_bush":2,"byg:anthracite":1,"justenoughdrugz:coca_seeds":13,"minecraft:potion":2,"minecraft:oak_stairs":52,"orcz:bone_1deco":1,"minecraft:iron_shovel":1,"minecraft:string":30,"botania:gray_double_flower":4,"minecraft:acacia_planks":1,"create:raw_zinc":3,"minecraft:spruce_sapling":6,"untamedwilds:food_turtle_cooked":21,"minecraft:furnace":1,"minecraft:bricks":1,"minecraft:moss_carpet":3,"alexsmobs:crocodile_scute":2,"minecraft:stone_sword":1,"minecraft:bowl":3,"untamedwilds:flora_bush_temperate":1,"minecraft:green_bed":1,"croptopia:blackberry_seed":1,"croptopia:raspberry_seed":4,"minecraft:clay_ball":96,"orcz:orcamanita":4,"minecraft:iron_boots":2,"minecraft:slime_block":3,"minecraft:nether_bricks":1,"minecraft:spruce_fence":1,"minecraft:diamond_sword":3,"minecraft:big_dripleaf":3,"supplementaries:quiver":5,"botania:pure_daisy":6,"alexsmobs:cockroach_wing_fragment":3,"minecraft:spruce_planks":12,"minecraft:bundle":2,"minecraft:spider_eye":15,"minecraft:stone_bricks":3,"minecraft:light_gray_dye":2,"minecraft:bow":1,"untamedwilds:flora_junegrass":2,"waystones:waystone":1,"minecraft:magma_block":22,"minecraft:cyan_bed":1,"securitycraft:alarm":8,"orcz:orchorn":1,"minecraft:terracotta":2,"minecraft:brown_mushroom":6,"minecraft:moss_block":19,"minecraft:warped_fungus":2,"minecraft:baked_potato":1,"minecraft:ender_pearl":1,"botania:black_mystical_flower":2,"botania:cyan_petal":1,"orcz:blue_orcshroom":2,"minecraft:leather":5,"alexsmobs:bison_fur":2,"minecraft:raw_gold_block":7,"minecraft:flint":2,"byg:white_puffball_spores":3,"minecraft:netherite_scrap":1,"minecraft:seagrass":7,"minecraft:snowball":2,"create:iron_sheet":7,"minecraft:glistering_melon_slice":10,"botania:white_petal":10,"minecraft:gold_ingot":86,"byg:palm_planks":3,"minecraft:gravel":48,"minecraft:blackstone":36,"infinitybuttons:gravel_button":192,"minecraft:diamond_shovel":3,"minecraft:cooked_mutton":1,"orcz:orcshroom":1,"patchouli:guide_book":1,"minecraft:chainmail_chestplate":3,"justenoughdrugz:cocaine_baggie":1,"minecraft:leather_chestplate":1,"supplementaries:ash":9,"minecraft:gunpowder":4,"artifacts:helium_flamingo":1,"minecraft:azalea":1,"minecraft:chest":2,"minecraft:basalt":11,"minecraft:iron_bars":6,"minecraft:arrow":57,"minecraft:white_concrete_powder":64,"artifacts:scarf_of_invisibility":1,"minecraft:quartz":19,"minecraft:written_book":1,"minecraft:netherrack":321,"betteranimalsplus:turkey_leg_raw":2,"minecraft:water_bucket":1,"minecraft:bread":3,"minecraft:lilac":3,"minecraft:minecart":1,"croptopia:blackberry":1,"croptopia:raspberry":1,"evilcraft:dark_gem":8,"minecraft:activator_rail":3,"minecraft:spruce_stairs":3,"minecraft:stick":56,"mca:book_romance":1,"tombstone:grave_key":4,"minecraft:repeater":1,"tombstone:grave_dust":42,"minecraft:flowering_azalea":2,"minecraft:stonecutter":1,"croptopia:plum":1,"duckling:duck_egg":5,"minecraft:bucket":1,"minecraft:music_disc_cat":1,"botania:light_blue_double_flower":1,"minecraft:redstone_block":1,"minecraft:smooth_basalt":10,"minecraft:redstone":20,"alexsmobs:maggot":13,"minecraft:sweet_berries":5,"artifacts:kitty_slippers":1,"minecraft:chiseled_quartz_block":3,"minecraft:tuff":3,"supplementaries:bomb":8,"minecraft:raw_iron":56,"orcz:ironscrap":1,"minecraft:flint_and_steel":1,"minecraft:filled_map":1,"securitycraft:universal_block_remover":4,"minecraft:shield":1,"orcz:orcteeth":72,"minecraft:iron_chestplate":1,"evilcraft:ender_tear":3,"betteranimalsplus:boarhead_gray":1,"minecraft:mossy_stone_bricks":1,"minecraft:oak_boat":1,"orcz:squigs_claws":1,"minecraft:oak_sapling":7,"minecraft:golden_sword":1,"minecraft:spruce_log":1,"minecraft:slime_ball":17,"betteranimalsplus:pheasantcooked":13,"minecraft:stone_pickaxe":2,"minecraft:wooden_pickaxe":1}},"DataVersion":3120}